-- phpMyAdmin SQL Dump
-- version 5.1.0
-- https://www.phpmyadmin.net/
--
-- Host: 127.0.0.1
-- Generation Time: May 08, 2021 at 10:51 PM
-- Server version: 10.4.18-MariaDB
-- PHP Version: 7.3.27

SET SQL_MODE = "NO_AUTO_VALUE_ON_ZERO";
START TRANSACTION;
SET time_zone = "+00:00";


/*!40101 SET @OLD_CHARACTER_SET_CLIENT=@@CHARACTER_SET_CLIENT */;
/*!40101 SET @OLD_CHARACTER_SET_RESULTS=@@CHARACTER_SET_RESULTS */;
/*!40101 SET @OLD_COLLATION_CONNECTION=@@COLLATION_CONNECTION */;
/*!40101 SET NAMES utf8mb4 */;

--
-- Database: `gabbysdevdatabase`
--

-- --------------------------------------------------------

--
-- Table structure for table `blogpage`
--

CREATE TABLE `blogpage` (
  `ID` int(11) NOT NULL,
  `Date` date DEFAULT NULL,
  `Teaser` mediumtext CHARACTER SET utf8mb4 COLLATE utf8mb4_unicode_ci DEFAULT NULL,
  `Authors` varchar(255) CHARACTER SET utf8mb4 COLLATE utf8mb4_unicode_ci DEFAULT NULL,
  `PrimaryPhotoID` int(11) NOT NULL DEFAULT 0
) ENGINE=InnoDB DEFAULT CHARSET=utf8mb4;

--
-- Dumping data for table `blogpage`
--

INSERT INTO `blogpage` (`ID`, `Date`, `Teaser`, `Authors`, `PrimaryPhotoID`) VALUES
(10, '2021-05-06', 'Fairly short and simple. We define an array to hold errors and set null values for the three.', 'Jeoffy Hipolito', 9),
(11, '2021-05-14', 'For the second example, the second text field (age) was switched to email.', 'Jeff', 10);

-- --------------------------------------------------------

--
-- Table structure for table `blogpage_live`
--

CREATE TABLE `blogpage_live` (
  `ID` int(11) NOT NULL,
  `Date` date DEFAULT NULL,
  `Teaser` mediumtext CHARACTER SET utf8mb4 COLLATE utf8mb4_unicode_ci DEFAULT NULL,
  `Authors` varchar(255) CHARACTER SET utf8mb4 COLLATE utf8mb4_unicode_ci DEFAULT NULL,
  `PrimaryPhotoID` int(11) NOT NULL DEFAULT 0
) ENGINE=InnoDB DEFAULT CHARSET=utf8mb4;

--
-- Dumping data for table `blogpage_live`
--

INSERT INTO `blogpage_live` (`ID`, `Date`, `Teaser`, `Authors`, `PrimaryPhotoID`) VALUES
(10, '2021-05-06', 'Fairly short and simple. We define an array to hold errors and set null values for the three.', 'Jeoffy Hipolito', 9),
(11, '2021-05-14', 'For the second example, the second text field (age) was switched to email.', 'Jeff', 10);

-- --------------------------------------------------------

--
-- Table structure for table `blogpage_versions`
--

CREATE TABLE `blogpage_versions` (
  `ID` int(11) NOT NULL,
  `RecordID` int(11) NOT NULL DEFAULT 0,
  `Version` int(11) NOT NULL DEFAULT 0,
  `Date` date DEFAULT NULL,
  `Teaser` mediumtext CHARACTER SET utf8mb4 COLLATE utf8mb4_unicode_ci DEFAULT NULL,
  `Authors` varchar(255) CHARACTER SET utf8mb4 COLLATE utf8mb4_unicode_ci DEFAULT NULL,
  `PrimaryPhotoID` int(11) NOT NULL DEFAULT 0
) ENGINE=InnoDB DEFAULT CHARSET=utf8mb4;

--
-- Dumping data for table `blogpage_versions`
--

INSERT INTO `blogpage_versions` (`ID`, `RecordID`, `Version`, `Date`, `Teaser`, `Authors`, `PrimaryPhotoID`) VALUES
(1, 10, 1, NULL, NULL, NULL, 0),
(2, 10, 2, '2021-05-06', 'Fairly short and simple. We define an array to hold errors and set null values for the three.', 'Jeoffy Hipolito', 9),
(3, 10, 3, '2021-05-06', 'Fairly short and simple. We define an array to hold errors and set null values for the three.', 'Jeoffy Hipolito', 9),
(4, 11, 1, NULL, NULL, NULL, 0),
(5, 11, 2, '2021-05-14', 'For the second example, the second text field (age) was switched to email.', 'Jeff', 10),
(6, 11, 3, '2021-05-14', 'For the second example, the second text field (age) was switched to email.', 'Jeff', 10);

-- --------------------------------------------------------

--
-- Table structure for table `changeset`
--

CREATE TABLE `changeset` (
  `ID` int(11) NOT NULL,
  `ClassName` enum('SilverStripe\\Versioned\\ChangeSet') CHARACTER SET utf8mb4 COLLATE utf8mb4_unicode_ci DEFAULT 'SilverStripe\\Versioned\\ChangeSet',
  `LastEdited` datetime DEFAULT NULL,
  `Created` datetime DEFAULT NULL,
  `Name` varchar(255) CHARACTER SET utf8mb4 COLLATE utf8mb4_unicode_ci DEFAULT NULL,
  `State` enum('open','published','reverted') CHARACTER SET utf8mb4 COLLATE utf8mb4_unicode_ci DEFAULT 'open',
  `IsInferred` tinyint(1) UNSIGNED NOT NULL DEFAULT 0,
  `Description` mediumtext CHARACTER SET utf8mb4 COLLATE utf8mb4_unicode_ci DEFAULT NULL,
  `PublishDate` datetime DEFAULT NULL,
  `LastSynced` datetime DEFAULT NULL,
  `OwnerID` int(11) NOT NULL DEFAULT 0,
  `PublisherID` int(11) NOT NULL DEFAULT 0
) ENGINE=InnoDB DEFAULT CHARSET=utf8mb4;

--
-- Dumping data for table `changeset`
--

INSERT INTO `changeset` (`ID`, `ClassName`, `LastEdited`, `Created`, `Name`, `State`, `IsInferred`, `Description`, `PublishDate`, `LastSynced`, `OwnerID`, `PublisherID`) VALUES
(1, 'SilverStripe\\Versioned\\ChangeSet', '2021-04-28 05:44:53', '2021-04-28 05:44:53', 'Generated by publish of \'Gabby\'s Lechon\' at Apr 28, 2021, 5:44 AM', 'published', 1, NULL, '2021-04-28 05:44:53', '2021-04-28 05:44:53', 0, 1),
(2, 'SilverStripe\\Versioned\\ChangeSet', '2021-04-28 05:44:56', '2021-04-28 05:44:56', 'Generated by publish of \'Gabby\'s Lechon\' at Apr 28, 2021, 5:44 AM', 'published', 1, NULL, '2021-04-28 05:44:56', '2021-04-28 05:44:56', 0, 1),
(3, 'SilverStripe\\Versioned\\ChangeSet', '2021-04-28 06:28:55', '2021-04-28 06:28:55', 'Generated by publish of \'Home\' at Apr 28, 2021, 6:28 AM', 'published', 1, NULL, '2021-04-28 06:28:55', '2021-04-28 06:28:55', 0, 1),
(4, 'SilverStripe\\Versioned\\ChangeSet', '2021-04-28 06:34:57', '2021-04-28 06:34:57', 'Generated by publish of \'Home\' at Apr 28, 2021, 6:34 AM', 'published', 1, NULL, '2021-04-28 06:34:57', '2021-04-28 06:34:57', 0, 1),
(5, 'SilverStripe\\Versioned\\ChangeSet', '2021-04-28 07:55:05', '2021-04-28 07:55:05', 'Generated by publish of \'Home\' at Apr 28, 2021, 7:55 AM', 'published', 1, NULL, '2021-04-28 07:55:05', '2021-04-28 07:55:05', 0, 1),
(6, 'SilverStripe\\Versioned\\ChangeSet', '2021-04-28 07:56:33', '2021-04-28 07:56:33', 'Generated by publish of \'Home\' at Apr 28, 2021, 7:56 AM', 'published', 1, NULL, '2021-04-28 07:56:33', '2021-04-28 07:56:33', 0, 1),
(7, 'SilverStripe\\Versioned\\ChangeSet', '2021-04-28 07:56:51', '2021-04-28 07:56:51', 'Generated by publish of \'Home\' at Apr 28, 2021, 7:56 AM', 'published', 1, NULL, '2021-04-28 07:56:51', '2021-04-28 07:56:51', 0, 1),
(8, 'SilverStripe\\Versioned\\ChangeSet', '2021-04-28 07:57:22', '2021-04-28 07:57:22', 'Generated by publish of \'Home\' at Apr 28, 2021, 7:57 AM', 'published', 1, NULL, '2021-04-28 07:57:22', '2021-04-28 07:57:22', 0, 1),
(9, 'SilverStripe\\Versioned\\ChangeSet', '2021-04-28 07:58:08', '2021-04-28 07:58:08', 'Generated by publish of \'Home\' at Apr 28, 2021, 7:58 AM', 'published', 1, NULL, '2021-04-28 07:58:08', '2021-04-28 07:58:08', 0, 1),
(10, 'SilverStripe\\Versioned\\ChangeSet', '2021-04-28 07:58:16', '2021-04-28 07:58:16', 'Generated by publish of \'Home\' at Apr 28, 2021, 7:58 AM', 'published', 1, NULL, '2021-04-28 07:58:16', '2021-04-28 07:58:16', 0, 1),
(11, 'SilverStripe\\Versioned\\ChangeSet', '2021-04-28 07:59:14', '2021-04-28 07:59:14', 'Generated by publish of \'Home\' at Apr 28, 2021, 7:59 AM', 'published', 1, NULL, '2021-04-28 07:59:14', '2021-04-28 07:59:14', 0, 1),
(12, 'SilverStripe\\Versioned\\ChangeSet', '2021-04-28 08:04:34', '2021-04-28 08:04:34', 'Generated by publish of \'Home\' at Apr 28, 2021, 8:04 AM', 'published', 1, NULL, '2021-04-28 08:04:34', '2021-04-28 08:04:34', 0, 1),
(13, 'SilverStripe\\Versioned\\ChangeSet', '2021-04-28 08:10:46', '2021-04-28 08:10:46', 'Generated by publish of \'Home\' at Apr 28, 2021, 8:10 AM', 'published', 1, NULL, '2021-04-28 08:10:46', '2021-04-28 08:10:46', 0, 1),
(14, 'SilverStripe\\Versioned\\ChangeSet', '2021-04-28 08:11:11', '2021-04-28 08:11:11', 'Generated by publish of \'Home\' at Apr 28, 2021, 8:11 AM', 'published', 1, NULL, '2021-04-28 08:11:11', '2021-04-28 08:11:11', 0, 1),
(15, 'SilverStripe\\Versioned\\ChangeSet', '2021-04-28 08:18:55', '2021-04-28 08:18:55', 'Generated by publish of \'Home\' at Apr 28, 2021, 8:18 AM', 'published', 1, NULL, '2021-04-28 08:18:55', '2021-04-28 08:18:55', 0, 1),
(16, 'SilverStripe\\Versioned\\ChangeSet', '2021-04-28 08:19:03', '2021-04-28 08:19:03', 'Generated by publish of \'Home\' at Apr 28, 2021, 8:19 AM', 'published', 1, NULL, '2021-04-28 08:19:03', '2021-04-28 08:19:03', 0, 1),
(17, 'SilverStripe\\Versioned\\ChangeSet', '2021-04-28 08:19:06', '2021-04-28 08:19:06', 'Generated by publish of \'Home\' at Apr 28, 2021, 8:19 AM', 'published', 1, NULL, '2021-04-28 08:19:06', '2021-04-28 08:19:06', 0, 1),
(18, 'SilverStripe\\Versioned\\ChangeSet', '2021-04-28 08:20:10', '2021-04-28 08:20:10', 'Generated by publish of \'Home\' at Apr 28, 2021, 8:20 AM', 'published', 1, NULL, '2021-04-28 08:20:10', '2021-04-28 08:20:10', 0, 1),
(19, 'SilverStripe\\Versioned\\ChangeSet', '2021-04-28 08:20:18', '2021-04-28 08:20:18', 'Generated by publish of \'Home\' at Apr 28, 2021, 8:20 AM', 'published', 1, NULL, '2021-04-28 08:20:18', '2021-04-28 08:20:18', 0, 1),
(20, 'SilverStripe\\Versioned\\ChangeSet', '2021-04-29 06:08:59', '2021-04-29 06:08:59', 'Generated by publish of \'Lechon Belly\' at Apr 29, 2021, 6:08 AM', 'published', 1, NULL, '2021-04-29 06:08:59', '2021-04-29 06:08:59', 0, 1),
(21, 'SilverStripe\\Versioned\\ChangeSet', '2021-04-29 06:10:40', '2021-04-29 06:10:40', 'Generated by publish of \'Spicy Lechon Belly\' at Apr 29, 2021, 6:10 AM', 'published', 1, NULL, '2021-04-29 06:10:40', '2021-04-29 06:10:40', 0, 1),
(22, 'SilverStripe\\Versioned\\ChangeSet', '2021-04-29 06:35:44', '2021-04-29 06:35:44', 'Generated by publish of \'Lechon Belly\' at Apr 29, 2021, 6:35 AM', 'published', 1, NULL, '2021-04-29 06:35:44', '2021-04-29 06:35:44', 0, 1),
(23, 'SilverStripe\\Versioned\\ChangeSet', '2021-04-29 06:36:52', '2021-04-29 06:36:52', 'Generated by publish of \'Lechon Belly Spicy\' at Apr 29, 2021, 6:36 AM', 'published', 1, NULL, '2021-04-29 06:36:52', '2021-04-29 06:36:52', 0, 1),
(24, 'SilverStripe\\Versioned\\ChangeSet', '2021-04-29 06:37:12', '2021-04-29 06:37:12', 'Generated by publish of \'Lechon Belly Spicy\' at Apr 29, 2021, 6:37 AM', 'published', 1, NULL, '2021-04-29 06:37:12', '2021-04-29 06:37:12', 0, 1),
(25, 'SilverStripe\\Versioned\\ChangeSet', '2021-04-29 06:41:03', '2021-04-29 06:41:03', 'Generated by publish of \'Lechon Belly\' at Apr 29, 2021, 6:41 AM', 'published', 1, NULL, '2021-04-29 06:41:03', '2021-04-29 06:41:03', 0, 1),
(26, 'SilverStripe\\Versioned\\ChangeSet', '2021-04-29 06:41:15', '2021-04-29 06:41:15', 'Generated by publish of \'Lechon Belly\' at Apr 29, 2021, 6:41 AM', 'published', 1, NULL, '2021-04-29 06:41:15', '2021-04-29 06:41:15', 0, 1),
(27, 'SilverStripe\\Versioned\\ChangeSet', '2021-04-29 06:41:23', '2021-04-29 06:41:23', 'Generated by publish of \'Lechon Belly Spicy\' at Apr 29, 2021, 6:41 AM', 'published', 1, NULL, '2021-04-29 06:41:23', '2021-04-29 06:41:23', 0, 1),
(28, 'SilverStripe\\Versioned\\ChangeSet', '2021-04-30 05:31:27', '2021-04-30 05:31:27', 'Generated by publish of \'Cart\' at Apr 30, 2021, 5:31 AM', 'published', 1, NULL, '2021-04-30 05:31:27', '2021-04-30 05:31:27', 0, 1),
(29, 'SilverStripe\\Versioned\\ChangeSet', '2021-04-30 05:35:28', '2021-04-30 05:35:28', 'Generated by publish of \'Cart\' at Apr 30, 2021, 5:35 AM', 'published', 1, NULL, '2021-04-30 05:35:28', '2021-04-30 05:35:28', 0, 1),
(30, 'SilverStripe\\Versioned\\ChangeSet', '2021-04-30 05:35:56', '2021-04-30 05:35:56', 'Generated by publish of \'Cart\' at Apr 30, 2021, 5:35 AM', 'published', 1, NULL, '2021-04-30 05:35:56', '2021-04-30 05:35:56', 0, 1),
(31, 'SilverStripe\\Versioned\\ChangeSet', '2021-04-30 05:39:29', '2021-04-30 05:39:29', 'Generated by publish of \'Cart\' at Apr 30, 2021, 5:39 AM', 'published', 1, NULL, '2021-04-30 05:39:29', '2021-04-30 05:39:29', 0, 1),
(32, 'SilverStripe\\Versioned\\ChangeSet', '2021-04-30 05:50:19', '2021-04-30 05:50:19', 'Generated by publish of \'Cart\' at Apr 30, 2021, 5:50 AM', 'published', 1, NULL, '2021-04-30 05:50:19', '2021-04-30 05:50:19', 0, 1),
(33, 'SilverStripe\\Versioned\\ChangeSet', '2021-04-30 06:11:27', '2021-04-30 06:11:27', 'Generated by publish of \'Lechon Belly\' at Apr 30, 2021, 6:11 AM', 'published', 1, NULL, '2021-04-30 06:11:27', '2021-04-30 06:11:27', 0, 1),
(34, 'SilverStripe\\Versioned\\ChangeSet', '2021-05-04 06:58:11', '2021-05-04 06:58:11', 'Generated by publish of \'Checkout\' at May 4, 2021, 6:58 AM', 'published', 1, NULL, '2021-05-04 06:58:11', '2021-05-04 06:58:11', 0, 1),
(35, 'SilverStripe\\Versioned\\ChangeSet', '2021-05-04 06:58:22', '2021-05-04 06:58:22', 'Generated by publish of \'Checkout\' at May 4, 2021, 6:58 AM', 'published', 1, NULL, '2021-05-04 06:58:22', '2021-05-04 06:58:22', 0, 1),
(36, 'SilverStripe\\Versioned\\ChangeSet', '2021-05-04 07:29:40', '2021-05-04 07:29:40', 'Generated by publish of \'Lechon Belly\' at May 4, 2021, 7:29 AM', 'published', 1, NULL, '2021-05-04 07:29:40', '2021-05-04 07:29:40', 0, 1),
(37, 'SilverStripe\\Versioned\\ChangeSet', '2021-05-04 07:29:51', '2021-05-04 07:29:51', 'Generated by publish of \'Lechon Belly Spicy\' at May 4, 2021, 7:29 AM', 'published', 1, NULL, '2021-05-04 07:29:51', '2021-05-04 07:29:51', 0, 1),
(38, 'SilverStripe\\Versioned\\ChangeSet', '2021-05-05 06:46:19', '2021-05-05 06:46:19', 'Generated by publish of \'Success\' at May 5, 2021, 6:46 AM', 'published', 1, NULL, '2021-05-05 06:46:19', '2021-05-05 06:46:19', 0, 1),
(39, 'SilverStripe\\Versioned\\ChangeSet', '2021-05-05 07:07:20', '2021-05-05 07:07:20', 'Generated by publish of \'Blog\' at May 5, 2021, 7:07 AM', 'published', 1, NULL, '2021-05-05 07:07:20', '2021-05-05 07:07:20', 0, 1),
(40, 'SilverStripe\\Versioned\\ChangeSet', '2021-05-05 07:07:24', '2021-05-05 07:07:24', 'Generated by publish of \'Blog\' at May 5, 2021, 7:07 AM', 'published', 1, NULL, '2021-05-05 07:07:24', '2021-05-05 07:07:24', 0, 1),
(41, 'SilverStripe\\Versioned\\ChangeSet', '2021-05-05 07:11:02', '2021-05-05 07:11:02', 'Generated by publish of \'First Blog\' at May 5, 2021, 7:11 AM', 'published', 1, NULL, '2021-05-05 07:11:02', '2021-05-05 07:11:02', 0, 1),
(42, 'SilverStripe\\Versioned\\ChangeSet', '2021-05-05 07:19:27', '2021-05-05 07:19:27', 'Generated by publish of \'Second Blog\' at May 5, 2021, 7:19 AM', 'published', 1, NULL, '2021-05-05 07:19:27', '2021-05-05 07:19:27', 0, 1),
(43, 'SilverStripe\\Versioned\\ChangeSet', '2021-05-07 07:03:03', '2021-05-07 07:03:03', 'Generated by publish of \'Gabby\'s Lechon\' at May 7, 2021, 7:03 AM', 'published', 1, NULL, '2021-05-07 07:03:03', '2021-05-07 07:03:03', 0, 1),
(44, 'SilverStripe\\Versioned\\ChangeSet', '2021-05-07 07:12:37', '2021-05-07 07:12:37', 'Generated by publish of \'Gabby\'s Lechon\' at May 7, 2021, 7:12 AM', 'published', 1, NULL, '2021-05-07 07:12:37', '2021-05-07 07:12:37', 0, 1),
(45, 'SilverStripe\\Versioned\\ChangeSet', '2021-05-07 07:12:49', '2021-05-07 07:12:49', 'Generated by publish of \'Gabby\'s Lechon\' at May 7, 2021, 7:12 AM', 'published', 1, NULL, '2021-05-07 07:12:49', '2021-05-07 07:12:49', 0, 1),
(46, 'SilverStripe\\Versioned\\ChangeSet', '2021-05-07 07:14:17', '2021-05-07 07:14:17', 'Generated by publish of \'Gabby\'s Lechon\' at May 7, 2021, 7:14 AM', 'published', 1, NULL, '2021-05-07 07:14:17', '2021-05-07 07:14:17', 0, 1),
(47, 'SilverStripe\\Versioned\\ChangeSet', '2021-05-07 07:15:18', '2021-05-07 07:15:18', 'Generated by publish of \'Gabby\'s Lechon\' at May 7, 2021, 7:15 AM', 'published', 1, NULL, '2021-05-07 07:15:18', '2021-05-07 07:15:18', 0, 1),
(48, 'SilverStripe\\Versioned\\ChangeSet', '2021-05-07 07:15:26', '2021-05-07 07:15:26', 'Generated by publish of \'Gabby\'s Lechon\' at May 7, 2021, 7:15 AM', 'published', 1, NULL, '2021-05-07 07:15:26', '2021-05-07 07:15:26', 0, 1),
(49, 'SilverStripe\\Versioned\\ChangeSet', '2021-05-07 07:15:31', '2021-05-07 07:15:31', 'Generated by publish of \'Gabby\'s Lechon\' at May 7, 2021, 7:15 AM', 'published', 1, NULL, '2021-05-07 07:15:31', '2021-05-07 07:15:31', 0, 1),
(50, 'SilverStripe\\Versioned\\ChangeSet', '2021-05-07 07:16:50', '2021-05-07 07:16:50', 'Generated by publish of \'Gabby\'s Lechon\' at May 7, 2021, 7:16 AM', 'published', 1, NULL, '2021-05-07 07:16:50', '2021-05-07 07:16:50', 0, 1),
(51, 'SilverStripe\\Versioned\\ChangeSet', '2021-05-07 07:18:26', '2021-05-07 07:18:26', 'Generated by publish of \'Gabby\'s Lechon\' at May 7, 2021, 7:18 AM', 'published', 1, NULL, '2021-05-07 07:18:26', '2021-05-07 07:18:26', 0, 1),
(52, 'SilverStripe\\Versioned\\ChangeSet', '2021-05-08 22:08:35', '2021-05-08 22:08:35', 'Generated by publish of \'Success\' at May 8, 2021, 10:08 PM', 'published', 1, NULL, '2021-05-08 22:08:35', '2021-05-08 22:08:35', 0, 1),
(53, 'SilverStripe\\Versioned\\ChangeSet', '2021-05-08 22:19:49', '2021-05-08 22:19:49', 'Generated by publish of \'#1\' at May 8, 2021, 10:19 PM', 'published', 1, NULL, '2021-05-08 22:19:49', '2021-05-08 22:19:49', 0, 1),
(54, 'SilverStripe\\Versioned\\ChangeSet', '2021-05-08 22:23:03', '2021-05-08 22:23:03', 'Generated by publish of \'#2\' at May 8, 2021, 10:23 PM', 'published', 1, NULL, '2021-05-08 22:23:03', '2021-05-08 22:23:03', 0, 1),
(55, 'SilverStripe\\Versioned\\ChangeSet', '2021-05-08 22:25:39', '2021-05-08 22:25:39', 'Generated by publish of \'#3\' at May 8, 2021, 10:25 PM', 'published', 1, NULL, '2021-05-08 22:25:39', '2021-05-08 22:25:39', 0, 1),
(56, 'SilverStripe\\Versioned\\ChangeSet', '2021-05-08 22:30:23', '2021-05-08 22:30:23', 'Generated by publish of \'#3\' at May 8, 2021, 10:30 PM', 'published', 1, NULL, '2021-05-08 22:30:23', '2021-05-08 22:30:23', 0, 1);

-- --------------------------------------------------------

--
-- Table structure for table `changesetitem`
--

CREATE TABLE `changesetitem` (
  `ID` int(11) NOT NULL,
  `ClassName` enum('SilverStripe\\Versioned\\ChangeSetItem') CHARACTER SET utf8mb4 COLLATE utf8mb4_unicode_ci DEFAULT 'SilverStripe\\Versioned\\ChangeSetItem',
  `LastEdited` datetime DEFAULT NULL,
  `Created` datetime DEFAULT NULL,
  `VersionBefore` int(11) NOT NULL DEFAULT 0,
  `VersionAfter` int(11) NOT NULL DEFAULT 0,
  `Added` enum('explicitly','implicitly') CHARACTER SET utf8mb4 COLLATE utf8mb4_unicode_ci DEFAULT 'implicitly',
  `ChangeSetID` int(11) NOT NULL DEFAULT 0,
  `ObjectID` int(11) NOT NULL DEFAULT 0,
  `ObjectClass` enum('SilverStripe\\Lechon\\FaqData','SilverStripe\\Lechon\\OrderData','SilverStripe\\Lechon\\Producttype','SilverStripe\\Assets\\File','SilverStripe\\SiteConfig\\SiteConfig','SilverStripe\\Versioned\\ChangeSet','SilverStripe\\Versioned\\ChangeSetItem','SilverStripe\\Assets\\Shortcodes\\FileLink','SilverStripe\\CMS\\Model\\SiteTree','SilverStripe\\CMS\\Model\\SiteTreeLink','SilverStripe\\Security\\Group','SilverStripe\\Security\\LoginAttempt','SilverStripe\\Security\\Member','SilverStripe\\Security\\MemberPassword','SilverStripe\\Security\\Permission','SilverStripe\\Security\\PermissionRole','SilverStripe\\Security\\PermissionRoleCode','SilverStripe\\Security\\RememberLoginHash','SilverStripe\\Assets\\Folder','SilverStripe\\Assets\\Image','Page','SilverStripe\\Lechon\\BlogHolder','SilverStripe\\Lechon\\BlogPage','SilverStripe\\Lechon\\CheckoutPage','SilverStripe\\Lechon\\HomePage','SilverStripe\\Lechon\\MycartPage','SilverStripe\\Lechon\\ProducttypePage','SilverStripe\\ErrorPage\\ErrorPage','SilverStripe\\CMS\\Model\\RedirectorPage','SilverStripe\\CMS\\Model\\VirtualPage','SilverStripe\\Port\\Product') CHARACTER SET utf8mb4 COLLATE utf8mb4_unicode_ci DEFAULT 'SilverStripe\\Lechon\\FaqData'
) ENGINE=InnoDB DEFAULT CHARSET=utf8mb4;

--
-- Dumping data for table `changesetitem`
--

INSERT INTO `changesetitem` (`ID`, `ClassName`, `LastEdited`, `Created`, `VersionBefore`, `VersionAfter`, `Added`, `ChangeSetID`, `ObjectID`, `ObjectClass`) VALUES
(1, 'SilverStripe\\Versioned\\ChangeSetItem', '2021-04-28 05:44:53', '2021-04-28 05:44:53', 0, 0, 'explicitly', 1, 1, 'SilverStripe\\SiteConfig\\SiteConfig'),
(2, 'SilverStripe\\Versioned\\ChangeSetItem', '2021-04-28 05:44:56', '2021-04-28 05:44:56', 0, 0, 'explicitly', 2, 1, 'SilverStripe\\SiteConfig\\SiteConfig'),
(3, 'SilverStripe\\Versioned\\ChangeSetItem', '2021-04-28 06:28:55', '2021-04-28 06:28:55', 2, 5, 'explicitly', 3, 1, 'SilverStripe\\CMS\\Model\\SiteTree'),
(4, 'SilverStripe\\Versioned\\ChangeSetItem', '2021-04-28 06:34:57', '2021-04-28 06:34:57', 5, 7, 'explicitly', 4, 1, 'SilverStripe\\CMS\\Model\\SiteTree'),
(5, 'SilverStripe\\Versioned\\ChangeSetItem', '2021-04-28 07:55:05', '2021-04-28 07:55:05', 7, 9, 'explicitly', 5, 1, 'SilverStripe\\CMS\\Model\\SiteTree'),
(6, 'SilverStripe\\Versioned\\ChangeSetItem', '2021-04-28 07:56:33', '2021-04-28 07:56:33', 9, 11, 'explicitly', 6, 1, 'SilverStripe\\CMS\\Model\\SiteTree'),
(7, 'SilverStripe\\Versioned\\ChangeSetItem', '2021-04-28 07:56:51', '2021-04-28 07:56:51', 11, 11, 'explicitly', 7, 1, 'SilverStripe\\CMS\\Model\\SiteTree'),
(8, 'SilverStripe\\Versioned\\ChangeSetItem', '2021-04-28 07:57:22', '2021-04-28 07:57:22', 11, 13, 'explicitly', 8, 1, 'SilverStripe\\CMS\\Model\\SiteTree'),
(9, 'SilverStripe\\Versioned\\ChangeSetItem', '2021-04-28 07:58:08', '2021-04-28 07:58:08', 13, 15, 'explicitly', 9, 1, 'SilverStripe\\CMS\\Model\\SiteTree'),
(10, 'SilverStripe\\Versioned\\ChangeSetItem', '2021-04-28 07:58:16', '2021-04-28 07:58:16', 15, 17, 'explicitly', 10, 1, 'SilverStripe\\CMS\\Model\\SiteTree'),
(11, 'SilverStripe\\Versioned\\ChangeSetItem', '2021-04-28 07:59:14', '2021-04-28 07:59:14', 17, 19, 'explicitly', 11, 1, 'SilverStripe\\CMS\\Model\\SiteTree'),
(12, 'SilverStripe\\Versioned\\ChangeSetItem', '2021-04-28 08:04:34', '2021-04-28 08:04:34', 19, 21, 'explicitly', 12, 1, 'SilverStripe\\CMS\\Model\\SiteTree'),
(13, 'SilverStripe\\Versioned\\ChangeSetItem', '2021-04-28 08:04:34', '2021-04-28 08:04:34', 0, 2, 'implicitly', 12, 2, 'SilverStripe\\Assets\\File'),
(14, 'SilverStripe\\Versioned\\ChangeSetItem', '2021-04-28 08:10:46', '2021-04-28 08:10:46', 21, 23, 'explicitly', 13, 1, 'SilverStripe\\CMS\\Model\\SiteTree'),
(15, 'SilverStripe\\Versioned\\ChangeSetItem', '2021-04-28 08:10:46', '2021-04-28 08:10:46', 0, 2, 'implicitly', 13, 3, 'SilverStripe\\Assets\\File'),
(16, 'SilverStripe\\Versioned\\ChangeSetItem', '2021-04-28 08:11:11', '2021-04-28 08:11:11', 23, 25, 'explicitly', 14, 1, 'SilverStripe\\CMS\\Model\\SiteTree'),
(17, 'SilverStripe\\Versioned\\ChangeSetItem', '2021-04-28 08:11:11', '2021-04-28 08:11:11', 2, 2, 'implicitly', 14, 2, 'SilverStripe\\Assets\\File'),
(18, 'SilverStripe\\Versioned\\ChangeSetItem', '2021-04-28 08:18:55', '2021-04-28 08:18:55', 25, 27, 'explicitly', 15, 1, 'SilverStripe\\CMS\\Model\\SiteTree'),
(19, 'SilverStripe\\Versioned\\ChangeSetItem', '2021-04-28 08:18:55', '2021-04-28 08:18:55', 2, 2, 'implicitly', 15, 2, 'SilverStripe\\Assets\\File'),
(20, 'SilverStripe\\Versioned\\ChangeSetItem', '2021-04-28 08:19:03', '2021-04-28 08:19:03', 27, 29, 'explicitly', 16, 1, 'SilverStripe\\CMS\\Model\\SiteTree'),
(21, 'SilverStripe\\Versioned\\ChangeSetItem', '2021-04-28 08:19:03', '2021-04-28 08:19:03', 2, 2, 'implicitly', 16, 2, 'SilverStripe\\Assets\\File'),
(22, 'SilverStripe\\Versioned\\ChangeSetItem', '2021-04-28 08:19:06', '2021-04-28 08:19:06', 29, 31, 'explicitly', 17, 1, 'SilverStripe\\CMS\\Model\\SiteTree'),
(23, 'SilverStripe\\Versioned\\ChangeSetItem', '2021-04-28 08:19:06', '2021-04-28 08:19:06', 2, 2, 'implicitly', 17, 2, 'SilverStripe\\Assets\\File'),
(24, 'SilverStripe\\Versioned\\ChangeSetItem', '2021-04-28 08:20:10', '2021-04-28 08:20:10', 31, 33, 'explicitly', 18, 1, 'SilverStripe\\CMS\\Model\\SiteTree'),
(25, 'SilverStripe\\Versioned\\ChangeSetItem', '2021-04-28 08:20:10', '2021-04-28 08:20:10', 2, 2, 'implicitly', 18, 2, 'SilverStripe\\Assets\\File'),
(26, 'SilverStripe\\Versioned\\ChangeSetItem', '2021-04-28 08:20:18', '2021-04-28 08:20:18', 33, 35, 'explicitly', 19, 1, 'SilverStripe\\CMS\\Model\\SiteTree'),
(27, 'SilverStripe\\Versioned\\ChangeSetItem', '2021-04-28 08:20:18', '2021-04-28 08:20:18', 2, 2, 'implicitly', 19, 2, 'SilverStripe\\Assets\\File'),
(28, 'SilverStripe\\Versioned\\ChangeSetItem', '2021-04-29 06:08:59', '2021-04-29 06:08:59', 0, 0, 'explicitly', 20, 1, 'SilverStripe\\Port\\Product'),
(29, 'SilverStripe\\Versioned\\ChangeSetItem', '2021-04-29 06:08:59', '2021-04-29 06:08:59', 0, 2, 'implicitly', 20, 5, 'SilverStripe\\Assets\\File'),
(30, 'SilverStripe\\Versioned\\ChangeSetItem', '2021-04-29 06:10:40', '2021-04-29 06:10:40', 0, 0, 'explicitly', 21, 2, 'SilverStripe\\Port\\Product'),
(31, 'SilverStripe\\Versioned\\ChangeSetItem', '2021-04-29 06:10:40', '2021-04-29 06:10:40', 0, 2, 'implicitly', 21, 6, 'SilverStripe\\Assets\\File'),
(32, 'SilverStripe\\Versioned\\ChangeSetItem', '2021-04-29 06:35:44', '2021-04-29 06:35:44', 0, 0, 'explicitly', 22, 1, 'SilverStripe\\Lechon\\Producttype'),
(33, 'SilverStripe\\Versioned\\ChangeSetItem', '2021-04-29 06:35:44', '2021-04-29 06:35:44', 2, 2, 'implicitly', 22, 6, 'SilverStripe\\Assets\\File'),
(34, 'SilverStripe\\Versioned\\ChangeSetItem', '2021-04-29 06:36:52', '2021-04-29 06:36:52', 0, 0, 'explicitly', 23, 2, 'SilverStripe\\Lechon\\Producttype'),
(35, 'SilverStripe\\Versioned\\ChangeSetItem', '2021-04-29 06:36:52', '2021-04-29 06:36:52', 0, 2, 'implicitly', 23, 7, 'SilverStripe\\Assets\\File'),
(36, 'SilverStripe\\Versioned\\ChangeSetItem', '2021-04-29 06:37:12', '2021-04-29 06:37:12', 0, 0, 'explicitly', 24, 2, 'SilverStripe\\Lechon\\Producttype'),
(37, 'SilverStripe\\Versioned\\ChangeSetItem', '2021-04-29 06:37:12', '2021-04-29 06:37:12', 2, 2, 'implicitly', 24, 5, 'SilverStripe\\Assets\\File'),
(38, 'SilverStripe\\Versioned\\ChangeSetItem', '2021-04-29 06:41:03', '2021-04-29 06:41:03', 0, 0, 'explicitly', 25, 1, 'SilverStripe\\Lechon\\Producttype'),
(39, 'SilverStripe\\Versioned\\ChangeSetItem', '2021-04-29 06:41:03', '2021-04-29 06:41:03', 2, 2, 'implicitly', 25, 6, 'SilverStripe\\Assets\\File'),
(40, 'SilverStripe\\Versioned\\ChangeSetItem', '2021-04-29 06:41:15', '2021-04-29 06:41:15', 0, 0, 'explicitly', 26, 1, 'SilverStripe\\Lechon\\Producttype'),
(41, 'SilverStripe\\Versioned\\ChangeSetItem', '2021-04-29 06:41:15', '2021-04-29 06:41:15', 2, 2, 'implicitly', 26, 6, 'SilverStripe\\Assets\\File'),
(42, 'SilverStripe\\Versioned\\ChangeSetItem', '2021-04-29 06:41:23', '2021-04-29 06:41:23', 0, 0, 'explicitly', 27, 2, 'SilverStripe\\Lechon\\Producttype'),
(43, 'SilverStripe\\Versioned\\ChangeSetItem', '2021-04-29 06:41:23', '2021-04-29 06:41:23', 2, 2, 'implicitly', 27, 5, 'SilverStripe\\Assets\\File'),
(44, 'SilverStripe\\Versioned\\ChangeSetItem', '2021-04-30 05:31:27', '2021-04-30 05:31:27', 0, 3, 'explicitly', 28, 6, 'SilverStripe\\CMS\\Model\\SiteTree'),
(45, 'SilverStripe\\Versioned\\ChangeSetItem', '2021-04-30 05:35:28', '2021-04-30 05:35:28', 3, 3, 'explicitly', 29, 6, 'SilverStripe\\CMS\\Model\\SiteTree'),
(46, 'SilverStripe\\Versioned\\ChangeSetItem', '2021-04-30 05:35:56', '2021-04-30 05:35:56', 3, 3, 'explicitly', 30, 6, 'SilverStripe\\CMS\\Model\\SiteTree'),
(47, 'SilverStripe\\Versioned\\ChangeSetItem', '2021-04-30 05:39:29', '2021-04-30 05:39:29', 3, 5, 'explicitly', 31, 6, 'SilverStripe\\CMS\\Model\\SiteTree'),
(48, 'SilverStripe\\Versioned\\ChangeSetItem', '2021-04-30 05:50:19', '2021-04-30 05:50:19', 5, 7, 'explicitly', 32, 6, 'SilverStripe\\CMS\\Model\\SiteTree'),
(49, 'SilverStripe\\Versioned\\ChangeSetItem', '2021-04-30 06:11:27', '2021-04-30 06:11:27', 0, 0, 'explicitly', 33, 1, 'SilverStripe\\Lechon\\Producttype'),
(50, 'SilverStripe\\Versioned\\ChangeSetItem', '2021-04-30 06:11:27', '2021-04-30 06:11:27', 2, 2, 'implicitly', 33, 6, 'SilverStripe\\Assets\\File'),
(51, 'SilverStripe\\Versioned\\ChangeSetItem', '2021-05-04 06:58:11', '2021-05-04 06:58:11', 0, 3, 'explicitly', 34, 7, 'SilverStripe\\CMS\\Model\\SiteTree'),
(52, 'SilverStripe\\Versioned\\ChangeSetItem', '2021-05-04 06:58:22', '2021-05-04 06:58:22', 3, 3, 'explicitly', 35, 7, 'SilverStripe\\CMS\\Model\\SiteTree'),
(53, 'SilverStripe\\Versioned\\ChangeSetItem', '2021-05-04 07:29:40', '2021-05-04 07:29:40', 0, 0, 'explicitly', 36, 1, 'SilverStripe\\Lechon\\Producttype'),
(54, 'SilverStripe\\Versioned\\ChangeSetItem', '2021-05-04 07:29:40', '2021-05-04 07:29:40', 2, 2, 'implicitly', 36, 6, 'SilverStripe\\Assets\\File'),
(55, 'SilverStripe\\Versioned\\ChangeSetItem', '2021-05-04 07:29:51', '2021-05-04 07:29:51', 0, 0, 'explicitly', 37, 4, 'SilverStripe\\Lechon\\Producttype'),
(56, 'SilverStripe\\Versioned\\ChangeSetItem', '2021-05-04 07:29:51', '2021-05-04 07:29:51', 2, 2, 'implicitly', 37, 5, 'SilverStripe\\Assets\\File'),
(57, 'SilverStripe\\Versioned\\ChangeSetItem', '2021-05-05 06:46:19', '2021-05-05 06:46:19', 0, 3, 'explicitly', 38, 8, 'SilverStripe\\CMS\\Model\\SiteTree'),
(58, 'SilverStripe\\Versioned\\ChangeSetItem', '2021-05-05 07:07:20', '2021-05-05 07:07:20', 0, 3, 'explicitly', 39, 9, 'SilverStripe\\CMS\\Model\\SiteTree'),
(59, 'SilverStripe\\Versioned\\ChangeSetItem', '2021-05-05 07:07:24', '2021-05-05 07:07:24', 3, 3, 'explicitly', 40, 9, 'SilverStripe\\CMS\\Model\\SiteTree'),
(60, 'SilverStripe\\Versioned\\ChangeSetItem', '2021-05-05 07:11:02', '2021-05-05 07:11:02', 0, 3, 'explicitly', 41, 10, 'SilverStripe\\CMS\\Model\\SiteTree'),
(61, 'SilverStripe\\Versioned\\ChangeSetItem', '2021-05-05 07:11:02', '2021-05-05 07:11:02', 0, 2, 'implicitly', 41, 9, 'SilverStripe\\Assets\\File'),
(62, 'SilverStripe\\Versioned\\ChangeSetItem', '2021-05-05 07:19:27', '2021-05-05 07:19:27', 0, 3, 'explicitly', 42, 11, 'SilverStripe\\CMS\\Model\\SiteTree'),
(63, 'SilverStripe\\Versioned\\ChangeSetItem', '2021-05-05 07:19:27', '2021-05-05 07:19:27', 0, 2, 'implicitly', 42, 10, 'SilverStripe\\Assets\\File'),
(64, 'SilverStripe\\Versioned\\ChangeSetItem', '2021-05-07 07:03:03', '2021-05-07 07:03:03', 0, 0, 'explicitly', 43, 1, 'SilverStripe\\SiteConfig\\SiteConfig'),
(65, 'SilverStripe\\Versioned\\ChangeSetItem', '2021-05-07 07:12:37', '2021-05-07 07:12:37', 0, 0, 'explicitly', 44, 1, 'SilverStripe\\SiteConfig\\SiteConfig'),
(66, 'SilverStripe\\Versioned\\ChangeSetItem', '2021-05-07 07:12:49', '2021-05-07 07:12:49', 0, 0, 'explicitly', 45, 1, 'SilverStripe\\SiteConfig\\SiteConfig'),
(67, 'SilverStripe\\Versioned\\ChangeSetItem', '2021-05-07 07:14:17', '2021-05-07 07:14:17', 0, 0, 'explicitly', 46, 1, 'SilverStripe\\SiteConfig\\SiteConfig'),
(68, 'SilverStripe\\Versioned\\ChangeSetItem', '2021-05-07 07:15:18', '2021-05-07 07:15:18', 0, 0, 'explicitly', 47, 1, 'SilverStripe\\SiteConfig\\SiteConfig'),
(69, 'SilverStripe\\Versioned\\ChangeSetItem', '2021-05-07 07:15:26', '2021-05-07 07:15:26', 0, 0, 'explicitly', 48, 1, 'SilverStripe\\SiteConfig\\SiteConfig'),
(70, 'SilverStripe\\Versioned\\ChangeSetItem', '2021-05-07 07:15:31', '2021-05-07 07:15:31', 0, 0, 'explicitly', 49, 1, 'SilverStripe\\SiteConfig\\SiteConfig'),
(71, 'SilverStripe\\Versioned\\ChangeSetItem', '2021-05-07 07:16:50', '2021-05-07 07:16:50', 0, 0, 'explicitly', 50, 1, 'SilverStripe\\SiteConfig\\SiteConfig'),
(72, 'SilverStripe\\Versioned\\ChangeSetItem', '2021-05-07 07:18:26', '2021-05-07 07:18:26', 0, 0, 'explicitly', 51, 1, 'SilverStripe\\SiteConfig\\SiteConfig'),
(73, 'SilverStripe\\Versioned\\ChangeSetItem', '2021-05-08 22:08:35', '2021-05-08 22:08:35', 3, 5, 'explicitly', 52, 8, 'SilverStripe\\CMS\\Model\\SiteTree'),
(74, 'SilverStripe\\Versioned\\ChangeSetItem', '2021-05-08 22:19:49', '2021-05-08 22:19:49', 0, 0, 'explicitly', 53, 1, 'SilverStripe\\Lechon\\FaqData'),
(75, 'SilverStripe\\Versioned\\ChangeSetItem', '2021-05-08 22:23:03', '2021-05-08 22:23:03', 0, 0, 'explicitly', 54, 2, 'SilverStripe\\Lechon\\FaqData'),
(76, 'SilverStripe\\Versioned\\ChangeSetItem', '2021-05-08 22:25:39', '2021-05-08 22:25:39', 0, 0, 'explicitly', 55, 3, 'SilverStripe\\Lechon\\FaqData'),
(77, 'SilverStripe\\Versioned\\ChangeSetItem', '2021-05-08 22:30:23', '2021-05-08 22:30:23', 0, 0, 'explicitly', 56, 3, 'SilverStripe\\Lechon\\FaqData');

-- --------------------------------------------------------

--
-- Table structure for table `changesetitem_referencedby`
--

CREATE TABLE `changesetitem_referencedby` (
  `ID` int(11) NOT NULL,
  `ChangeSetItemID` int(11) NOT NULL DEFAULT 0,
  `ChildID` int(11) NOT NULL DEFAULT 0
) ENGINE=InnoDB DEFAULT CHARSET=utf8mb4;

--
-- Dumping data for table `changesetitem_referencedby`
--

INSERT INTO `changesetitem_referencedby` (`ID`, `ChangeSetItemID`, `ChildID`) VALUES
(1, 13, 12),
(2, 15, 14),
(3, 17, 16),
(4, 19, 18),
(5, 21, 20),
(6, 23, 22),
(7, 25, 24),
(8, 27, 26),
(9, 29, 28),
(10, 31, 30),
(11, 33, 32),
(12, 35, 34),
(13, 37, 36),
(14, 39, 38),
(15, 41, 40),
(16, 43, 42),
(17, 50, 49),
(18, 54, 53),
(19, 56, 55),
(20, 61, 60),
(21, 63, 62);

-- --------------------------------------------------------

--
-- Table structure for table `errorpage`
--

CREATE TABLE `errorpage` (
  `ID` int(11) NOT NULL,
  `ErrorCode` int(11) NOT NULL DEFAULT 0
) ENGINE=InnoDB DEFAULT CHARSET=utf8mb4;

--
-- Dumping data for table `errorpage`
--

INSERT INTO `errorpage` (`ID`, `ErrorCode`) VALUES
(4, 404),
(5, 500);

-- --------------------------------------------------------

--
-- Table structure for table `errorpage_live`
--

CREATE TABLE `errorpage_live` (
  `ID` int(11) NOT NULL,
  `ErrorCode` int(11) NOT NULL DEFAULT 0
) ENGINE=InnoDB DEFAULT CHARSET=utf8mb4;

--
-- Dumping data for table `errorpage_live`
--

INSERT INTO `errorpage_live` (`ID`, `ErrorCode`) VALUES
(4, 404),
(5, 500);

-- --------------------------------------------------------

--
-- Table structure for table `errorpage_versions`
--

CREATE TABLE `errorpage_versions` (
  `ID` int(11) NOT NULL,
  `RecordID` int(11) NOT NULL DEFAULT 0,
  `Version` int(11) NOT NULL DEFAULT 0,
  `ErrorCode` int(11) NOT NULL DEFAULT 0
) ENGINE=InnoDB DEFAULT CHARSET=utf8mb4;

--
-- Dumping data for table `errorpage_versions`
--

INSERT INTO `errorpage_versions` (`ID`, `RecordID`, `Version`, `ErrorCode`) VALUES
(1, 4, 1, 404),
(2, 4, 2, 404),
(3, 5, 1, 500),
(4, 5, 2, 500);

-- --------------------------------------------------------

--
-- Table structure for table `faqdata`
--

CREATE TABLE `faqdata` (
  `ID` int(11) NOT NULL,
  `ClassName` enum('SilverStripe\\Lechon\\FaqData') CHARACTER SET utf8mb4 COLLATE utf8mb4_unicode_ci DEFAULT 'SilverStripe\\Lechon\\FaqData',
  `LastEdited` datetime DEFAULT NULL,
  `Created` datetime DEFAULT NULL,
  `Question` varchar(255) CHARACTER SET utf8mb4 COLLATE utf8mb4_unicode_ci DEFAULT NULL,
  `Answer` mediumtext CHARACTER SET utf8mb4 COLLATE utf8mb4_unicode_ci DEFAULT NULL
) ENGINE=InnoDB DEFAULT CHARSET=utf8mb4;

--
-- Dumping data for table `faqdata`
--

INSERT INTO `faqdata` (`ID`, `ClassName`, `LastEdited`, `Created`, `Question`, `Answer`) VALUES
(1, 'SilverStripe\\Lechon\\FaqData', '2021-05-08 22:19:49', '2021-05-08 22:19:49', 'Question number 1', '<p><span>Lorem ipsum dolor sit amet, consectetur adipiscing elit, sed do eiusmod tempor incididunt ut labore et dolore magna aliqua. Ut enim ad minim veniam, quis nostrud exercitation ullamco laboris nisi ut aliquip ex ea commodo consequat. Duis aute irure dolor in reprehenderit in voluptate velit esse cillum dolore eu fugiat nulla pariatur. Excepteur sint occaecat cupidatat non proident, sunt in culpa qui officia deserunt mollit anim id est laborum.</span></p><p><span>Lorem ipsum dolor sit amet, consectetur adipiscing elit, sed do eiusmod tempor incididunt ut labore et dolore magna aliqua. Ut enim ad minim veniam, quis nostrud exercitation ullamco laboris nisi ut aliquip ex ea commodo consequat. Duis aute irure dolor in reprehenderit in voluptate velit esse cillum dolore eu fugiat nulla pariatur. Excepteur sint occaecat cupidatat non proident, sunt in culpa qui officia deserunt mollit anim id est laborum.</span></p>'),
(2, 'SilverStripe\\Lechon\\FaqData', '2021-05-08 22:23:03', '2021-05-08 22:23:03', 'Question #2', '<p><span>Lorem ipsum dolor sit amet, consectetur adipiscing elit, sed do eiusmod tempor incididunt ut labore et dolore magna aliqua. Ut enim ad minim veniam, quis nostrud exercitation ullamco laboris nisi ut aliquip ex ea commodo consequat. Duis aute irure dolor in reprehenderit in voluptate velit esse cillum dolore eu fugiat nulla pariatur. Excepteur sint occaecat cupidatat non proident, sunt in culpa qui officia deserunt mollit anim id est laborum.&nbsp;Lorem ipsum dolor sit amet, consectetur adipiscing elit, sed do eiusmod tempor incididunt ut labore et dolore magna aliqua. Ut enim ad minim veniam, quis nostrud exercitation ullamco laboris nisi ut aliquip ex ea commodo consequat. Duis aute irure dolor in reprehenderit in voluptate velit esse cillum dolore eu fugiat nulla pariatur. Excepteur sint occaecat cupidatat non proident, sunt in culpa qui officia deserunt mollit anim id est laborum.</span></p><p>&nbsp;</p><p><span>Lorem ipsum dolor sit amet, consectetur adipiscing elit, sed do eiusmod tempor incididunt ut labore et dolore magna aliqua. Ut enim ad minim veniam, quis nostrud ex&nbsp;</span></p>'),
(3, 'SilverStripe\\Lechon\\FaqData', '2021-05-08 22:30:23', '2021-05-08 22:25:39', 'Question #3', '<p><span>Lorem ipsum dolor sit amet, consectetur adipiscing elit, sed do eiusmod tempor incididunt ut labore et dolore magna aliqua. Ut enim ad minim veniam, quis nostrud exercitation </span></p><p><span>ullamco laboris nisi ut aliquip ex ea commodo consequat. Duis aute irure dolor in reprehenderit in voluptate velit esse cillum dolore eu fugiat nulla pariatur. Excepteur sint occaecat cupidatat non proident, sunt in culpa qui officia deserunt mollit anim id est laborum.33333</span></p>');

-- --------------------------------------------------------

--
-- Table structure for table `file`
--

CREATE TABLE `file` (
  `ID` int(11) NOT NULL,
  `ClassName` enum('SilverStripe\\Assets\\File','SilverStripe\\Assets\\Folder','SilverStripe\\Assets\\Image') CHARACTER SET utf8mb4 COLLATE utf8mb4_unicode_ci DEFAULT 'SilverStripe\\Assets\\File',
  `LastEdited` datetime DEFAULT NULL,
  `Created` datetime DEFAULT NULL,
  `Version` int(11) NOT NULL DEFAULT 0,
  `CanViewType` enum('Anyone','LoggedInUsers','OnlyTheseUsers','Inherit') CHARACTER SET utf8mb4 COLLATE utf8mb4_unicode_ci DEFAULT 'Inherit',
  `CanEditType` enum('LoggedInUsers','OnlyTheseUsers','Inherit') CHARACTER SET utf8mb4 COLLATE utf8mb4_unicode_ci DEFAULT 'Inherit',
  `Name` varchar(255) CHARACTER SET utf8mb4 COLLATE utf8mb4_unicode_ci DEFAULT NULL,
  `Title` varchar(255) CHARACTER SET utf8mb4 COLLATE utf8mb4_unicode_ci DEFAULT NULL,
  `ShowInSearch` tinyint(1) UNSIGNED NOT NULL DEFAULT 1,
  `ParentID` int(11) NOT NULL DEFAULT 0,
  `OwnerID` int(11) NOT NULL DEFAULT 0,
  `FileHash` varchar(255) CHARACTER SET utf8mb4 COLLATE utf8mb4_unicode_ci DEFAULT NULL,
  `FileFilename` varchar(255) CHARACTER SET utf8mb4 COLLATE utf8mb4_unicode_ci DEFAULT NULL,
  `FileVariant` varchar(255) CHARACTER SET utf8mb4 COLLATE utf8mb4_unicode_ci DEFAULT NULL
) ENGINE=InnoDB DEFAULT CHARSET=utf8mb4;

--
-- Dumping data for table `file`
--

INSERT INTO `file` (`ID`, `ClassName`, `LastEdited`, `Created`, `Version`, `CanViewType`, `CanEditType`, `Name`, `Title`, `ShowInSearch`, `ParentID`, `OwnerID`, `FileHash`, `FileFilename`, `FileVariant`) VALUES
(1, 'SilverStripe\\Assets\\Folder', '2021-04-28 07:53:38', '2021-04-28 07:53:38', 2, 'Inherit', 'Inherit', 'homebanner-photos', 'homebanner-photos', 1, 0, 1, NULL, NULL, NULL),
(2, 'SilverStripe\\Assets\\Image', '2021-04-28 08:04:34', '2021-04-28 08:04:30', 2, 'Inherit', 'Inherit', 'banner.jpg', 'banner', 1, 1, 1, 'b5cb989ed99097ca1fe30ea7214c8c53da9d3e8b', 'homebanner-photos/banner.jpg', NULL),
(3, 'SilverStripe\\Assets\\Image', '2021-04-28 08:10:46', '2021-04-28 08:10:39', 2, 'Inherit', 'Inherit', '161931635_10219805064699300_5759863249367479237_n.jpg', '161931635 10219805064699300 5759863249367479237 n', 1, 1, 1, '4e35bc9bb6af32268b6f72672269fb52732539af', 'homebanner-photos/161931635_10219805064699300_5759863249367479237_n.jpg', NULL),
(4, 'SilverStripe\\Assets\\Folder', '2021-04-29 06:08:00', '2021-04-29 06:08:00', 2, 'Inherit', 'Inherit', 'mainproduct-photos', 'mainproduct-photos', 1, 0, 1, NULL, NULL, NULL),
(5, 'SilverStripe\\Assets\\Image', '2021-04-29 06:08:59', '2021-04-29 06:08:55', 2, 'Inherit', 'Inherit', 'be92bee4801b0e7f5b5e9b98dc63eca9.jpg', 'be92bee4801b0e7f5b5e9b98dc63eca9', 1, 4, 1, '1ad94d69f0cf0cb4817252714221a9984442ef99', 'mainproduct-photos/be92bee4801b0e7f5b5e9b98dc63eca9.jpg', NULL),
(6, 'SilverStripe\\Assets\\Image', '2021-04-29 06:10:40', '2021-04-29 06:09:23', 2, 'Inherit', 'Inherit', 'Generals-Lechon.jpg', 'Generals Lechon', 1, 4, 1, '0526ba4764805a8e4f57ea0ef7d2d42447874d1b', 'mainproduct-photos/Generals-Lechon.jpg', NULL),
(7, 'SilverStripe\\Assets\\Image', '2021-04-29 06:36:52', '2021-04-29 06:36:50', 2, 'Inherit', 'Inherit', 'Generals-Lechon-v2.jpg', 'Generals Lechon v2', 1, 4, 1, '0526ba4764805a8e4f57ea0ef7d2d42447874d1b', 'mainproduct-photos/Generals-Lechon-v2.jpg', NULL),
(8, 'SilverStripe\\Assets\\Folder', '2021-05-05 07:10:13', '2021-05-05 07:10:13', 2, 'Inherit', 'Inherit', 'blog-photos', 'blog-photos', 1, 0, 1, NULL, NULL, NULL),
(9, 'SilverStripe\\Assets\\Image', '2021-05-05 07:11:02', '2021-05-05 07:10:59', 2, 'Inherit', 'Inherit', 'simon-birt-tSruvNOg1j0-unsplash.jpg', 'simon birt tSruvNOg1j0 unsplash', 1, 8, 1, '53bc43ae15a7b67b6db4228a7411175224077d96', 'blog-photos/simon-birt-tSruvNOg1j0-unsplash.jpg', NULL),
(10, 'SilverStripe\\Assets\\Image', '2021-05-05 07:19:27', '2021-05-05 07:18:23', 2, 'Inherit', 'Inherit', 'Generals-Lechon.jpg', 'Generals Lechon', 1, 8, 1, '0526ba4764805a8e4f57ea0ef7d2d42447874d1b', 'blog-photos/Generals-Lechon.jpg', NULL);

-- --------------------------------------------------------

--
-- Table structure for table `filelink`
--

CREATE TABLE `filelink` (
  `ID` int(11) NOT NULL,
  `ClassName` enum('SilverStripe\\Assets\\Shortcodes\\FileLink') CHARACTER SET utf8mb4 COLLATE utf8mb4_unicode_ci DEFAULT 'SilverStripe\\Assets\\Shortcodes\\FileLink',
  `LastEdited` datetime DEFAULT NULL,
  `Created` datetime DEFAULT NULL,
  `LinkedID` int(11) NOT NULL DEFAULT 0,
  `ParentID` int(11) NOT NULL DEFAULT 0,
  `ParentClass` enum('SilverStripe\\Lechon\\FaqData','SilverStripe\\Lechon\\OrderData','SilverStripe\\Lechon\\Producttype','SilverStripe\\Assets\\File','SilverStripe\\SiteConfig\\SiteConfig','SilverStripe\\Versioned\\ChangeSet','SilverStripe\\Versioned\\ChangeSetItem','SilverStripe\\Assets\\Shortcodes\\FileLink','SilverStripe\\CMS\\Model\\SiteTree','SilverStripe\\CMS\\Model\\SiteTreeLink','SilverStripe\\Security\\Group','SilverStripe\\Security\\LoginAttempt','SilverStripe\\Security\\Member','SilverStripe\\Security\\MemberPassword','SilverStripe\\Security\\Permission','SilverStripe\\Security\\PermissionRole','SilverStripe\\Security\\PermissionRoleCode','SilverStripe\\Security\\RememberLoginHash','SilverStripe\\Assets\\Folder','SilverStripe\\Assets\\Image','Page','SilverStripe\\Lechon\\BlogHolder','SilverStripe\\Lechon\\BlogPage','SilverStripe\\Lechon\\CheckoutPage','SilverStripe\\Lechon\\HomePage','SilverStripe\\Lechon\\MycartPage','SilverStripe\\Lechon\\ProducttypePage','SilverStripe\\ErrorPage\\ErrorPage','SilverStripe\\CMS\\Model\\RedirectorPage','SilverStripe\\CMS\\Model\\VirtualPage') CHARACTER SET utf8mb4 COLLATE utf8mb4_unicode_ci DEFAULT 'SilverStripe\\Lechon\\FaqData'
) ENGINE=InnoDB DEFAULT CHARSET=utf8mb4;

-- --------------------------------------------------------

--
-- Table structure for table `file_editorgroups`
--

CREATE TABLE `file_editorgroups` (
  `ID` int(11) NOT NULL,
  `FileID` int(11) NOT NULL DEFAULT 0,
  `GroupID` int(11) NOT NULL DEFAULT 0
) ENGINE=InnoDB DEFAULT CHARSET=utf8mb4;

-- --------------------------------------------------------

--
-- Table structure for table `file_live`
--

CREATE TABLE `file_live` (
  `ID` int(11) NOT NULL,
  `ClassName` enum('SilverStripe\\Assets\\File','SilverStripe\\Assets\\Folder','SilverStripe\\Assets\\Image') CHARACTER SET utf8mb4 COLLATE utf8mb4_unicode_ci DEFAULT 'SilverStripe\\Assets\\File',
  `LastEdited` datetime DEFAULT NULL,
  `Created` datetime DEFAULT NULL,
  `Version` int(11) NOT NULL DEFAULT 0,
  `CanViewType` enum('Anyone','LoggedInUsers','OnlyTheseUsers','Inherit') CHARACTER SET utf8mb4 COLLATE utf8mb4_unicode_ci DEFAULT 'Inherit',
  `CanEditType` enum('LoggedInUsers','OnlyTheseUsers','Inherit') CHARACTER SET utf8mb4 COLLATE utf8mb4_unicode_ci DEFAULT 'Inherit',
  `Name` varchar(255) CHARACTER SET utf8mb4 COLLATE utf8mb4_unicode_ci DEFAULT NULL,
  `Title` varchar(255) CHARACTER SET utf8mb4 COLLATE utf8mb4_unicode_ci DEFAULT NULL,
  `ShowInSearch` tinyint(1) UNSIGNED NOT NULL DEFAULT 1,
  `ParentID` int(11) NOT NULL DEFAULT 0,
  `OwnerID` int(11) NOT NULL DEFAULT 0,
  `FileHash` varchar(255) CHARACTER SET utf8mb4 COLLATE utf8mb4_unicode_ci DEFAULT NULL,
  `FileFilename` varchar(255) CHARACTER SET utf8mb4 COLLATE utf8mb4_unicode_ci DEFAULT NULL,
  `FileVariant` varchar(255) CHARACTER SET utf8mb4 COLLATE utf8mb4_unicode_ci DEFAULT NULL
) ENGINE=InnoDB DEFAULT CHARSET=utf8mb4;

--
-- Dumping data for table `file_live`
--

INSERT INTO `file_live` (`ID`, `ClassName`, `LastEdited`, `Created`, `Version`, `CanViewType`, `CanEditType`, `Name`, `Title`, `ShowInSearch`, `ParentID`, `OwnerID`, `FileHash`, `FileFilename`, `FileVariant`) VALUES
(1, 'SilverStripe\\Assets\\Folder', '2021-04-28 07:53:38', '2021-04-28 07:53:38', 2, 'Inherit', 'Inherit', 'homebanner-photos', 'homebanner-photos', 1, 0, 1, NULL, NULL, NULL),
(2, 'SilverStripe\\Assets\\Image', '2021-04-28 08:04:34', '2021-04-28 08:04:30', 2, 'Inherit', 'Inherit', 'banner.jpg', 'banner', 1, 1, 1, 'b5cb989ed99097ca1fe30ea7214c8c53da9d3e8b', 'homebanner-photos/banner.jpg', NULL),
(3, 'SilverStripe\\Assets\\Image', '2021-04-28 08:10:46', '2021-04-28 08:10:39', 2, 'Inherit', 'Inherit', '161931635_10219805064699300_5759863249367479237_n.jpg', '161931635 10219805064699300 5759863249367479237 n', 1, 1, 1, '4e35bc9bb6af32268b6f72672269fb52732539af', 'homebanner-photos/161931635_10219805064699300_5759863249367479237_n.jpg', NULL),
(4, 'SilverStripe\\Assets\\Folder', '2021-04-29 06:08:00', '2021-04-29 06:08:00', 2, 'Inherit', 'Inherit', 'mainproduct-photos', 'mainproduct-photos', 1, 0, 1, NULL, NULL, NULL),
(5, 'SilverStripe\\Assets\\Image', '2021-04-29 06:08:59', '2021-04-29 06:08:55', 2, 'Inherit', 'Inherit', 'be92bee4801b0e7f5b5e9b98dc63eca9.jpg', 'be92bee4801b0e7f5b5e9b98dc63eca9', 1, 4, 1, '1ad94d69f0cf0cb4817252714221a9984442ef99', 'mainproduct-photos/be92bee4801b0e7f5b5e9b98dc63eca9.jpg', NULL),
(6, 'SilverStripe\\Assets\\Image', '2021-04-29 06:10:40', '2021-04-29 06:09:23', 2, 'Inherit', 'Inherit', 'Generals-Lechon.jpg', 'Generals Lechon', 1, 4, 1, '0526ba4764805a8e4f57ea0ef7d2d42447874d1b', 'mainproduct-photos/Generals-Lechon.jpg', NULL),
(7, 'SilverStripe\\Assets\\Image', '2021-04-29 06:36:52', '2021-04-29 06:36:50', 2, 'Inherit', 'Inherit', 'Generals-Lechon-v2.jpg', 'Generals Lechon v2', 1, 4, 1, '0526ba4764805a8e4f57ea0ef7d2d42447874d1b', 'mainproduct-photos/Generals-Lechon-v2.jpg', NULL),
(8, 'SilverStripe\\Assets\\Folder', '2021-05-05 07:10:13', '2021-05-05 07:10:13', 2, 'Inherit', 'Inherit', 'blog-photos', 'blog-photos', 1, 0, 1, NULL, NULL, NULL),
(9, 'SilverStripe\\Assets\\Image', '2021-05-05 07:11:02', '2021-05-05 07:10:59', 2, 'Inherit', 'Inherit', 'simon-birt-tSruvNOg1j0-unsplash.jpg', 'simon birt tSruvNOg1j0 unsplash', 1, 8, 1, '53bc43ae15a7b67b6db4228a7411175224077d96', 'blog-photos/simon-birt-tSruvNOg1j0-unsplash.jpg', NULL),
(10, 'SilverStripe\\Assets\\Image', '2021-05-05 07:19:27', '2021-05-05 07:18:23', 2, 'Inherit', 'Inherit', 'Generals-Lechon.jpg', 'Generals Lechon', 1, 8, 1, '0526ba4764805a8e4f57ea0ef7d2d42447874d1b', 'blog-photos/Generals-Lechon.jpg', NULL);

-- --------------------------------------------------------

--
-- Table structure for table `file_versions`
--

CREATE TABLE `file_versions` (
  `ID` int(11) NOT NULL,
  `RecordID` int(11) NOT NULL DEFAULT 0,
  `Version` int(11) NOT NULL DEFAULT 0,
  `WasPublished` tinyint(1) UNSIGNED NOT NULL DEFAULT 0,
  `WasDeleted` tinyint(1) UNSIGNED NOT NULL DEFAULT 0,
  `WasDraft` tinyint(1) UNSIGNED NOT NULL DEFAULT 1,
  `AuthorID` int(11) NOT NULL DEFAULT 0,
  `PublisherID` int(11) NOT NULL DEFAULT 0,
  `ClassName` enum('SilverStripe\\Assets\\File','SilverStripe\\Assets\\Folder','SilverStripe\\Assets\\Image') CHARACTER SET utf8mb4 COLLATE utf8mb4_unicode_ci DEFAULT 'SilverStripe\\Assets\\File',
  `LastEdited` datetime DEFAULT NULL,
  `Created` datetime DEFAULT NULL,
  `CanViewType` enum('Anyone','LoggedInUsers','OnlyTheseUsers','Inherit') CHARACTER SET utf8mb4 COLLATE utf8mb4_unicode_ci DEFAULT 'Inherit',
  `CanEditType` enum('LoggedInUsers','OnlyTheseUsers','Inherit') CHARACTER SET utf8mb4 COLLATE utf8mb4_unicode_ci DEFAULT 'Inherit',
  `Name` varchar(255) CHARACTER SET utf8mb4 COLLATE utf8mb4_unicode_ci DEFAULT NULL,
  `Title` varchar(255) CHARACTER SET utf8mb4 COLLATE utf8mb4_unicode_ci DEFAULT NULL,
  `ShowInSearch` tinyint(1) UNSIGNED NOT NULL DEFAULT 1,
  `ParentID` int(11) NOT NULL DEFAULT 0,
  `OwnerID` int(11) NOT NULL DEFAULT 0,
  `FileHash` varchar(255) CHARACTER SET utf8mb4 COLLATE utf8mb4_unicode_ci DEFAULT NULL,
  `FileFilename` varchar(255) CHARACTER SET utf8mb4 COLLATE utf8mb4_unicode_ci DEFAULT NULL,
  `FileVariant` varchar(255) CHARACTER SET utf8mb4 COLLATE utf8mb4_unicode_ci DEFAULT NULL
) ENGINE=InnoDB DEFAULT CHARSET=utf8mb4;

--
-- Dumping data for table `file_versions`
--

INSERT INTO `file_versions` (`ID`, `RecordID`, `Version`, `WasPublished`, `WasDeleted`, `WasDraft`, `AuthorID`, `PublisherID`, `ClassName`, `LastEdited`, `Created`, `CanViewType`, `CanEditType`, `Name`, `Title`, `ShowInSearch`, `ParentID`, `OwnerID`, `FileHash`, `FileFilename`, `FileVariant`) VALUES
(1, 1, 1, 0, 0, 1, 1, 0, 'SilverStripe\\Assets\\Folder', '2021-04-28 07:53:38', '2021-04-28 07:53:38', 'Inherit', 'Inherit', 'homebanner-photos', 'homebanner-photos', 1, 0, 1, NULL, NULL, NULL),
(2, 1, 2, 1, 0, 1, 1, 1, 'SilverStripe\\Assets\\Folder', '2021-04-28 07:53:38', '2021-04-28 07:53:38', 'Inherit', 'Inherit', 'homebanner-photos', 'homebanner-photos', 1, 0, 1, NULL, NULL, NULL),
(3, 2, 1, 0, 0, 1, 1, 0, 'SilverStripe\\Assets\\Image', '2021-04-28 08:04:30', '2021-04-28 08:04:30', 'Inherit', 'Inherit', 'banner.jpg', 'banner', 1, 1, 1, 'b5cb989ed99097ca1fe30ea7214c8c53da9d3e8b', 'homebanner-photos/banner.jpg', NULL),
(4, 2, 2, 1, 0, 1, 1, 1, 'SilverStripe\\Assets\\Image', '2021-04-28 08:04:34', '2021-04-28 08:04:30', 'Inherit', 'Inherit', 'banner.jpg', 'banner', 1, 1, 1, 'b5cb989ed99097ca1fe30ea7214c8c53da9d3e8b', 'homebanner-photos/banner.jpg', NULL),
(5, 3, 1, 0, 0, 1, 1, 0, 'SilverStripe\\Assets\\Image', '2021-04-28 08:10:39', '2021-04-28 08:10:39', 'Inherit', 'Inherit', '161931635_10219805064699300_5759863249367479237_n.jpg', '161931635 10219805064699300 5759863249367479237 n', 1, 1, 1, '4e35bc9bb6af32268b6f72672269fb52732539af', 'homebanner-photos/161931635_10219805064699300_5759863249367479237_n.jpg', NULL),
(6, 3, 2, 1, 0, 1, 1, 1, 'SilverStripe\\Assets\\Image', '2021-04-28 08:10:46', '2021-04-28 08:10:39', 'Inherit', 'Inherit', '161931635_10219805064699300_5759863249367479237_n.jpg', '161931635 10219805064699300 5759863249367479237 n', 1, 1, 1, '4e35bc9bb6af32268b6f72672269fb52732539af', 'homebanner-photos/161931635_10219805064699300_5759863249367479237_n.jpg', NULL),
(7, 4, 1, 0, 0, 1, 1, 0, 'SilverStripe\\Assets\\Folder', '2021-04-29 06:08:00', '2021-04-29 06:08:00', 'Inherit', 'Inherit', 'mainproduct-photos', 'mainproduct-photos', 1, 0, 1, NULL, NULL, NULL),
(8, 4, 2, 1, 0, 1, 1, 1, 'SilverStripe\\Assets\\Folder', '2021-04-29 06:08:00', '2021-04-29 06:08:00', 'Inherit', 'Inherit', 'mainproduct-photos', 'mainproduct-photos', 1, 0, 1, NULL, NULL, NULL),
(9, 5, 1, 0, 0, 1, 1, 0, 'SilverStripe\\Assets\\Image', '2021-04-29 06:08:55', '2021-04-29 06:08:55', 'Inherit', 'Inherit', 'be92bee4801b0e7f5b5e9b98dc63eca9.jpg', 'be92bee4801b0e7f5b5e9b98dc63eca9', 1, 4, 1, '1ad94d69f0cf0cb4817252714221a9984442ef99', 'mainproduct-photos/be92bee4801b0e7f5b5e9b98dc63eca9.jpg', NULL),
(10, 5, 2, 1, 0, 1, 1, 1, 'SilverStripe\\Assets\\Image', '2021-04-29 06:08:59', '2021-04-29 06:08:55', 'Inherit', 'Inherit', 'be92bee4801b0e7f5b5e9b98dc63eca9.jpg', 'be92bee4801b0e7f5b5e9b98dc63eca9', 1, 4, 1, '1ad94d69f0cf0cb4817252714221a9984442ef99', 'mainproduct-photos/be92bee4801b0e7f5b5e9b98dc63eca9.jpg', NULL),
(11, 6, 1, 0, 0, 1, 1, 0, 'SilverStripe\\Assets\\Image', '2021-04-29 06:09:23', '2021-04-29 06:09:23', 'Inherit', 'Inherit', 'Generals-Lechon.jpg', 'Generals Lechon', 1, 4, 1, '0526ba4764805a8e4f57ea0ef7d2d42447874d1b', 'mainproduct-photos/Generals-Lechon.jpg', NULL),
(12, 6, 2, 1, 0, 1, 1, 1, 'SilverStripe\\Assets\\Image', '2021-04-29 06:10:40', '2021-04-29 06:09:23', 'Inherit', 'Inherit', 'Generals-Lechon.jpg', 'Generals Lechon', 1, 4, 1, '0526ba4764805a8e4f57ea0ef7d2d42447874d1b', 'mainproduct-photos/Generals-Lechon.jpg', NULL),
(13, 7, 1, 0, 0, 1, 1, 0, 'SilverStripe\\Assets\\Image', '2021-04-29 06:36:50', '2021-04-29 06:36:50', 'Inherit', 'Inherit', 'Generals-Lechon-v2.jpg', 'Generals Lechon v2', 1, 4, 1, '0526ba4764805a8e4f57ea0ef7d2d42447874d1b', 'mainproduct-photos/Generals-Lechon-v2.jpg', NULL),
(14, 7, 2, 1, 0, 1, 1, 1, 'SilverStripe\\Assets\\Image', '2021-04-29 06:36:52', '2021-04-29 06:36:50', 'Inherit', 'Inherit', 'Generals-Lechon-v2.jpg', 'Generals Lechon v2', 1, 4, 1, '0526ba4764805a8e4f57ea0ef7d2d42447874d1b', 'mainproduct-photos/Generals-Lechon-v2.jpg', NULL),
(15, 8, 1, 0, 0, 1, 1, 0, 'SilverStripe\\Assets\\Folder', '2021-05-05 07:10:13', '2021-05-05 07:10:13', 'Inherit', 'Inherit', 'blog-photos', 'blog-photos', 1, 0, 1, NULL, NULL, NULL),
(16, 8, 2, 1, 0, 1, 1, 1, 'SilverStripe\\Assets\\Folder', '2021-05-05 07:10:13', '2021-05-05 07:10:13', 'Inherit', 'Inherit', 'blog-photos', 'blog-photos', 1, 0, 1, NULL, NULL, NULL),
(17, 9, 1, 0, 0, 1, 1, 0, 'SilverStripe\\Assets\\Image', '2021-05-05 07:10:59', '2021-05-05 07:10:59', 'Inherit', 'Inherit', 'simon-birt-tSruvNOg1j0-unsplash.jpg', 'simon birt tSruvNOg1j0 unsplash', 1, 8, 1, '53bc43ae15a7b67b6db4228a7411175224077d96', 'blog-photos/simon-birt-tSruvNOg1j0-unsplash.jpg', NULL),
(18, 9, 2, 1, 0, 1, 1, 1, 'SilverStripe\\Assets\\Image', '2021-05-05 07:11:02', '2021-05-05 07:10:59', 'Inherit', 'Inherit', 'simon-birt-tSruvNOg1j0-unsplash.jpg', 'simon birt tSruvNOg1j0 unsplash', 1, 8, 1, '53bc43ae15a7b67b6db4228a7411175224077d96', 'blog-photos/simon-birt-tSruvNOg1j0-unsplash.jpg', NULL),
(19, 10, 1, 0, 0, 1, 1, 0, 'SilverStripe\\Assets\\Image', '2021-05-05 07:18:23', '2021-05-05 07:18:23', 'Inherit', 'Inherit', 'Generals-Lechon.jpg', 'Generals Lechon', 1, 8, 1, '0526ba4764805a8e4f57ea0ef7d2d42447874d1b', 'blog-photos/Generals-Lechon.jpg', NULL),
(20, 10, 2, 1, 0, 1, 1, 1, 'SilverStripe\\Assets\\Image', '2021-05-05 07:19:27', '2021-05-05 07:18:23', 'Inherit', 'Inherit', 'Generals-Lechon.jpg', 'Generals Lechon', 1, 8, 1, '0526ba4764805a8e4f57ea0ef7d2d42447874d1b', 'blog-photos/Generals-Lechon.jpg', NULL);

-- --------------------------------------------------------

--
-- Table structure for table `file_viewergroups`
--

CREATE TABLE `file_viewergroups` (
  `ID` int(11) NOT NULL,
  `FileID` int(11) NOT NULL DEFAULT 0,
  `GroupID` int(11) NOT NULL DEFAULT 0
) ENGINE=InnoDB DEFAULT CHARSET=utf8mb4;

-- --------------------------------------------------------

--
-- Table structure for table `group`
--

CREATE TABLE `group` (
  `ID` int(11) NOT NULL,
  `ClassName` enum('SilverStripe\\Security\\Group') CHARACTER SET utf8mb4 COLLATE utf8mb4_unicode_ci DEFAULT 'SilverStripe\\Security\\Group',
  `LastEdited` datetime DEFAULT NULL,
  `Created` datetime DEFAULT NULL,
  `Title` varchar(255) CHARACTER SET utf8mb4 COLLATE utf8mb4_unicode_ci DEFAULT NULL,
  `Description` mediumtext CHARACTER SET utf8mb4 COLLATE utf8mb4_unicode_ci DEFAULT NULL,
  `Code` varchar(255) CHARACTER SET utf8mb4 COLLATE utf8mb4_unicode_ci DEFAULT NULL,
  `Locked` tinyint(1) UNSIGNED NOT NULL DEFAULT 0,
  `Sort` int(11) NOT NULL DEFAULT 0,
  `HtmlEditorConfig` mediumtext CHARACTER SET utf8mb4 COLLATE utf8mb4_unicode_ci DEFAULT NULL,
  `ParentID` int(11) NOT NULL DEFAULT 0
) ENGINE=InnoDB DEFAULT CHARSET=utf8mb4;

--
-- Dumping data for table `group`
--

INSERT INTO `group` (`ID`, `ClassName`, `LastEdited`, `Created`, `Title`, `Description`, `Code`, `Locked`, `Sort`, `HtmlEditorConfig`, `ParentID`) VALUES
(1, 'SilverStripe\\Security\\Group', '2021-04-28 05:44:19', '2021-04-28 05:44:19', 'Content Authors', NULL, 'content-authors', 0, 1, NULL, 0),
(2, 'SilverStripe\\Security\\Group', '2021-04-28 05:44:20', '2021-04-28 05:44:20', 'Administrators', NULL, 'administrators', 0, 0, NULL, 0);

-- --------------------------------------------------------

--
-- Table structure for table `group_members`
--

CREATE TABLE `group_members` (
  `ID` int(11) NOT NULL,
  `GroupID` int(11) NOT NULL DEFAULT 0,
  `MemberID` int(11) NOT NULL DEFAULT 0
) ENGINE=InnoDB DEFAULT CHARSET=utf8mb4;

--
-- Dumping data for table `group_members`
--

INSERT INTO `group_members` (`ID`, `GroupID`, `MemberID`) VALUES
(1, 2, 1);

-- --------------------------------------------------------

--
-- Table structure for table `group_roles`
--

CREATE TABLE `group_roles` (
  `ID` int(11) NOT NULL,
  `GroupID` int(11) NOT NULL DEFAULT 0,
  `PermissionRoleID` int(11) NOT NULL DEFAULT 0
) ENGINE=InnoDB DEFAULT CHARSET=utf8mb4;

-- --------------------------------------------------------

--
-- Table structure for table `homepage`
--

CREATE TABLE `homepage` (
  `ID` int(11) NOT NULL,
  `CallToAction` varchar(255) CHARACTER SET utf8mb4 COLLATE utf8mb4_unicode_ci DEFAULT NULL,
  `TagLine2` varchar(255) CHARACTER SET utf8mb4 COLLATE utf8mb4_unicode_ci DEFAULT NULL,
  `PhoneNumber` varchar(255) CHARACTER SET utf8mb4 COLLATE utf8mb4_unicode_ci DEFAULT NULL,
  `PhotoID` int(11) NOT NULL DEFAULT 0,
  `Fire` tinyint(1) UNSIGNED NOT NULL DEFAULT 0
) ENGINE=InnoDB DEFAULT CHARSET=utf8mb4;

--
-- Dumping data for table `homepage`
--

INSERT INTO `homepage` (`ID`, `CallToAction`, `TagLine2`, `PhoneNumber`, `PhotoID`, `Fire`) VALUES
(1, 'Authentic Lechon', 'Spicy lechon belly and many more!', 'Call 027 5837432', 2, 1);

-- --------------------------------------------------------

--
-- Table structure for table `homepage_live`
--

CREATE TABLE `homepage_live` (
  `ID` int(11) NOT NULL,
  `CallToAction` varchar(255) CHARACTER SET utf8mb4 COLLATE utf8mb4_unicode_ci DEFAULT NULL,
  `TagLine2` varchar(255) CHARACTER SET utf8mb4 COLLATE utf8mb4_unicode_ci DEFAULT NULL,
  `PhoneNumber` varchar(255) CHARACTER SET utf8mb4 COLLATE utf8mb4_unicode_ci DEFAULT NULL,
  `PhotoID` int(11) NOT NULL DEFAULT 0,
  `Fire` tinyint(1) UNSIGNED NOT NULL DEFAULT 0
) ENGINE=InnoDB DEFAULT CHARSET=utf8mb4;

--
-- Dumping data for table `homepage_live`
--

INSERT INTO `homepage_live` (`ID`, `CallToAction`, `TagLine2`, `PhoneNumber`, `PhotoID`, `Fire`) VALUES
(1, 'Authentic Lechon', 'Spicy lechon belly and many more!', 'Call 027 5837432', 2, 1);

-- --------------------------------------------------------

--
-- Table structure for table `homepage_versions`
--

CREATE TABLE `homepage_versions` (
  `ID` int(11) NOT NULL,
  `RecordID` int(11) NOT NULL DEFAULT 0,
  `Version` int(11) NOT NULL DEFAULT 0,
  `CallToAction` varchar(255) CHARACTER SET utf8mb4 COLLATE utf8mb4_unicode_ci DEFAULT NULL,
  `TagLine2` varchar(255) CHARACTER SET utf8mb4 COLLATE utf8mb4_unicode_ci DEFAULT NULL,
  `PhoneNumber` varchar(255) CHARACTER SET utf8mb4 COLLATE utf8mb4_unicode_ci DEFAULT NULL,
  `PhotoID` int(11) NOT NULL DEFAULT 0,
  `Fire` tinyint(1) UNSIGNED NOT NULL DEFAULT 0
) ENGINE=InnoDB DEFAULT CHARSET=utf8mb4;

--
-- Dumping data for table `homepage_versions`
--

INSERT INTO `homepage_versions` (`ID`, `RecordID`, `Version`, `CallToAction`, `TagLine2`, `PhoneNumber`, `PhotoID`, `Fire`) VALUES
(1, 1, 8, 'Authentic Lechon', 'Spicy lechon belly and many more!', 'Call 0275837432', 0, 0),
(2, 1, 9, 'Authentic Lechon', 'Spicy lechon belly and many more!', 'Call 0275837432', 0, 0),
(3, 1, 10, 'Authentic Lechon xx', 'Spicy lechon belly and many more!', 'Call 0275837432', 0, 0),
(4, 1, 11, 'Authentic Lechon xx', 'Spicy lechon belly and many more!', 'Call 0275837432', 0, 0),
(5, 1, 12, 'Authentic Lechon', 'Spicy lechon belly and many more!', 'Call 0275837432', 0, 0),
(6, 1, 13, 'Authentic Lechon', 'Spicy lechon belly and many more!', 'Call 0275837432', 0, 0),
(7, 1, 14, 'Authentic Lechon', 'Spicy lechon belly and many more!x', 'Call 0275837432', 0, 0),
(8, 1, 15, 'Authentic Lechon', 'Spicy lechon belly and many more!x', 'Call 0275837432', 0, 0),
(9, 1, 16, 'Authentic Lechon', 'Spicy lechon belly and many more!', 'Call 0275837432', 0, 0),
(10, 1, 17, 'Authentic Lechon', 'Spicy lechon belly and many more!', 'Call 0275837432', 0, 0),
(11, 1, 18, 'Authentic Lechon', 'Spicy lechon belly and many more!', 'Call 027 5837432', 0, 0),
(12, 1, 19, 'Authentic Lechon', 'Spicy lechon belly and many more!', 'Call 027 5837432', 0, 0),
(13, 1, 20, 'Authentic Lechon', 'Spicy lechon belly and many more!', 'Call 027 5837432', 2, 0),
(14, 1, 21, 'Authentic Lechon', 'Spicy lechon belly and many more!', 'Call 027 5837432', 2, 0),
(15, 1, 22, 'Authentic Lechon', 'Spicy lechon belly and many more!', 'Call 027 5837432', 3, 0),
(16, 1, 23, 'Authentic Lechon', 'Spicy lechon belly and many more!', 'Call 027 5837432', 3, 0),
(17, 1, 24, 'Authentic Lechon', 'Spicy lechon belly and many more!', 'Call 027 5837432', 2, 0),
(18, 1, 25, 'Authentic Lechon', 'Spicy lechon belly and many more!', 'Call 027 5837432', 2, 0),
(19, 1, 26, 'Authentic Lechon', 'Spicy lechon belly and many more!', 'Call 027 5837432', 2, 1),
(20, 1, 27, 'Authentic Lechon', 'Spicy lechon belly and many more!', 'Call 027 5837432', 2, 1),
(21, 1, 28, 'Authentic Lechon', 'Spicy lechon belly and many more!', 'Call 027 5837432', 2, 0),
(22, 1, 29, 'Authentic Lechon', 'Spicy lechon belly and many more!', 'Call 027 5837432', 2, 0),
(23, 1, 30, 'Authentic Lechon', 'Spicy lechon belly and many more!', 'Call 027 5837432', 2, 1),
(24, 1, 31, 'Authentic Lechon', 'Spicy lechon belly and many more!', 'Call 027 5837432', 2, 1),
(25, 1, 32, 'Authentic Lechon', 'Spicy lechon belly and many more!', 'Call 027 5837432', 2, 0),
(26, 1, 33, 'Authentic Lechon', 'Spicy lechon belly and many more!', 'Call 027 5837432', 2, 0),
(27, 1, 34, 'Authentic Lechon', 'Spicy lechon belly and many more!', 'Call 027 5837432', 2, 1),
(28, 1, 35, 'Authentic Lechon', 'Spicy lechon belly and many more!', 'Call 027 5837432', 2, 1);

-- --------------------------------------------------------

--
-- Table structure for table `loginattempt`
--

CREATE TABLE `loginattempt` (
  `ID` int(11) NOT NULL,
  `ClassName` enum('SilverStripe\\Security\\LoginAttempt') CHARACTER SET utf8mb4 COLLATE utf8mb4_unicode_ci DEFAULT 'SilverStripe\\Security\\LoginAttempt',
  `LastEdited` datetime DEFAULT NULL,
  `Created` datetime DEFAULT NULL,
  `Email` varchar(255) CHARACTER SET utf8mb4 COLLATE utf8mb4_unicode_ci DEFAULT NULL,
  `EmailHashed` varchar(255) CHARACTER SET utf8mb4 COLLATE utf8mb4_unicode_ci DEFAULT NULL,
  `Status` enum('Success','Failure') CHARACTER SET utf8mb4 COLLATE utf8mb4_unicode_ci DEFAULT 'Success',
  `IP` varchar(255) CHARACTER SET utf8mb4 COLLATE utf8mb4_unicode_ci DEFAULT NULL,
  `MemberID` int(11) NOT NULL DEFAULT 0
) ENGINE=InnoDB DEFAULT CHARSET=utf8mb4;

--
-- Dumping data for table `loginattempt`
--

INSERT INTO `loginattempt` (`ID`, `ClassName`, `LastEdited`, `Created`, `Email`, `EmailHashed`, `Status`, `IP`, `MemberID`) VALUES
(1, 'SilverStripe\\Security\\LoginAttempt', '2021-04-28 05:44:40', '2021-04-28 05:44:40', NULL, '1301db49b1c52152256588a51724f48b8d7b1224', 'Success', '::1', 1),
(2, 'SilverStripe\\Security\\LoginAttempt', '2021-04-28 06:28:31', '2021-04-28 06:28:31', NULL, '1301db49b1c52152256588a51724f48b8d7b1224', 'Success', '::1', 1),
(3, 'SilverStripe\\Security\\LoginAttempt', '2021-04-29 05:27:08', '2021-04-29 05:27:08', NULL, '1301db49b1c52152256588a51724f48b8d7b1224', 'Success', '::1', 1),
(4, 'SilverStripe\\Security\\LoginAttempt', '2021-04-30 05:25:53', '2021-04-30 05:25:53', NULL, '1301db49b1c52152256588a51724f48b8d7b1224', 'Success', '::1', 1),
(5, 'SilverStripe\\Security\\LoginAttempt', '2021-05-04 06:46:31', '2021-05-04 06:46:31', NULL, '1301db49b1c52152256588a51724f48b8d7b1224', 'Success', '::1', 1),
(6, 'SilverStripe\\Security\\LoginAttempt', '2021-05-05 05:49:47', '2021-05-05 05:49:47', NULL, '1301db49b1c52152256588a51724f48b8d7b1224', 'Success', '::1', 1),
(7, 'SilverStripe\\Security\\LoginAttempt', '2021-05-06 05:35:16', '2021-05-06 05:35:16', NULL, '1301db49b1c52152256588a51724f48b8d7b1224', 'Success', '::1', 1),
(8, 'SilverStripe\\Security\\LoginAttempt', '2021-05-07 07:02:54', '2021-05-07 07:02:54', NULL, '1301db49b1c52152256588a51724f48b8d7b1224', 'Success', '::1', 1),
(9, 'SilverStripe\\Security\\LoginAttempt', '2021-05-08 01:05:44', '2021-05-08 01:05:44', NULL, '1301db49b1c52152256588a51724f48b8d7b1224', 'Success', '::1', 1),
(10, 'SilverStripe\\Security\\LoginAttempt', '2021-05-08 22:04:44', '2021-05-08 22:04:44', NULL, '1301db49b1c52152256588a51724f48b8d7b1224', 'Success', '::1', 1);

-- --------------------------------------------------------

--
-- Table structure for table `member`
--

CREATE TABLE `member` (
  `ID` int(11) NOT NULL,
  `ClassName` enum('SilverStripe\\Security\\Member') CHARACTER SET utf8mb4 COLLATE utf8mb4_unicode_ci DEFAULT 'SilverStripe\\Security\\Member',
  `LastEdited` datetime DEFAULT NULL,
  `Created` datetime DEFAULT NULL,
  `FirstName` varchar(255) CHARACTER SET utf8mb4 COLLATE utf8mb4_unicode_ci DEFAULT NULL,
  `Surname` varchar(255) CHARACTER SET utf8mb4 COLLATE utf8mb4_unicode_ci DEFAULT NULL,
  `Email` varchar(254) CHARACTER SET utf8mb4 COLLATE utf8mb4_unicode_ci DEFAULT NULL,
  `TempIDHash` varchar(160) CHARACTER SET utf8mb4 COLLATE utf8mb4_unicode_ci DEFAULT NULL,
  `TempIDExpired` datetime DEFAULT NULL,
  `Password` varchar(160) CHARACTER SET utf8mb4 COLLATE utf8mb4_unicode_ci DEFAULT NULL,
  `AutoLoginHash` varchar(160) CHARACTER SET utf8mb4 COLLATE utf8mb4_unicode_ci DEFAULT NULL,
  `AutoLoginExpired` datetime DEFAULT NULL,
  `PasswordEncryption` varchar(50) CHARACTER SET utf8mb4 COLLATE utf8mb4_unicode_ci DEFAULT NULL,
  `Salt` varchar(50) CHARACTER SET utf8mb4 COLLATE utf8mb4_unicode_ci DEFAULT NULL,
  `PasswordExpiry` date DEFAULT NULL,
  `LockedOutUntil` datetime DEFAULT NULL,
  `Locale` varchar(6) CHARACTER SET utf8mb4 COLLATE utf8mb4_unicode_ci DEFAULT NULL,
  `FailedLoginCount` int(11) NOT NULL DEFAULT 0
) ENGINE=InnoDB DEFAULT CHARSET=utf8mb4;

--
-- Dumping data for table `member`
--

INSERT INTO `member` (`ID`, `ClassName`, `LastEdited`, `Created`, `FirstName`, `Surname`, `Email`, `TempIDHash`, `TempIDExpired`, `Password`, `AutoLoginHash`, `AutoLoginExpired`, `PasswordEncryption`, `Salt`, `PasswordExpiry`, `LockedOutUntil`, `Locale`, `FailedLoginCount`) VALUES
(1, 'SilverStripe\\Security\\Member', '2021-05-08 22:04:44', '2021-04-28 05:44:20', 'Default Admin', NULL, 'jeoffy', '35ad3b20296abc0a51a3e1eb238fc318a88f56f3', '2021-05-11 22:04:44', NULL, NULL, NULL, 'none', NULL, NULL, NULL, 'en_US', 0);

-- --------------------------------------------------------

--
-- Table structure for table `memberpassword`
--

CREATE TABLE `memberpassword` (
  `ID` int(11) NOT NULL,
  `ClassName` enum('SilverStripe\\Security\\MemberPassword') CHARACTER SET utf8mb4 COLLATE utf8mb4_unicode_ci DEFAULT 'SilverStripe\\Security\\MemberPassword',
  `LastEdited` datetime DEFAULT NULL,
  `Created` datetime DEFAULT NULL,
  `Password` varchar(160) CHARACTER SET utf8mb4 COLLATE utf8mb4_unicode_ci DEFAULT NULL,
  `Salt` varchar(50) CHARACTER SET utf8mb4 COLLATE utf8mb4_unicode_ci DEFAULT NULL,
  `PasswordEncryption` varchar(50) CHARACTER SET utf8mb4 COLLATE utf8mb4_unicode_ci DEFAULT NULL,
  `MemberID` int(11) NOT NULL DEFAULT 0
) ENGINE=InnoDB DEFAULT CHARSET=utf8mb4;

--
-- Dumping data for table `memberpassword`
--

INSERT INTO `memberpassword` (`ID`, `ClassName`, `LastEdited`, `Created`, `Password`, `Salt`, `PasswordEncryption`, `MemberID`) VALUES
(1, 'SilverStripe\\Security\\MemberPassword', '2021-04-28 05:44:20', '2021-04-28 05:44:20', NULL, NULL, 'none', 1);

-- --------------------------------------------------------

--
-- Table structure for table `orderdata`
--

CREATE TABLE `orderdata` (
  `ID` int(11) NOT NULL,
  `ClassName` enum('SilverStripe\\Lechon\\OrderData') CHARACTER SET utf8mb4 COLLATE utf8mb4_unicode_ci DEFAULT 'SilverStripe\\Lechon\\OrderData',
  `LastEdited` datetime DEFAULT NULL,
  `Created` datetime DEFAULT NULL,
  `Name` varchar(255) CHARACTER SET utf8mb4 COLLATE utf8mb4_unicode_ci DEFAULT NULL,
  `Email` varchar(255) CHARACTER SET utf8mb4 COLLATE utf8mb4_unicode_ci DEFAULT NULL,
  `Comment` mediumtext CHARACTER SET utf8mb4 COLLATE utf8mb4_unicode_ci DEFAULT NULL,
  `OrderDetails` mediumtext CHARACTER SET utf8mb4 COLLATE utf8mb4_unicode_ci DEFAULT NULL,
  `EventDate` varchar(255) CHARACTER SET utf8mb4 COLLATE utf8mb4_unicode_ci DEFAULT NULL,
  `Phone` varchar(255) CHARACTER SET utf8mb4 COLLATE utf8mb4_unicode_ci DEFAULT NULL
) ENGINE=InnoDB DEFAULT CHARSET=utf8mb4;

--
-- Dumping data for table `orderdata`
--

INSERT INTO `orderdata` (`ID`, `ClassName`, `LastEdited`, `Created`, `Name`, `Email`, `Comment`, `OrderDetails`, `EventDate`, `Phone`) VALUES
(9, 'SilverStripe\\Lechon\\OrderData', '2021-05-05 06:32:25', '2021-05-05 06:32:25', 'Test name', 'jeffi@yahoo.com', 'My comment yeah', 'Product Name: Lechon Belly<br>Price: 135.50<br>Quantity: 4<br><hr>Product Name: Lechon Belly Spicy<br>Price: 160.00<br>Quantity: 2<br><hr>Total: $862', NULL, NULL),
(10, 'SilverStripe\\Lechon\\OrderData', '2021-05-05 06:43:01', '2021-05-05 06:43:01', 'testing again', 'test@yahoo.com', 'Test comment here', 'Product Name: Lechon Belly<br>Price: 135.50<br>Quantity: 4<br><hr>Product Name: Lechon Belly Spicy<br>Price: 160.00<br>Quantity: 2<br><hr>Total: $862', NULL, NULL),
(11, 'SilverStripe\\Lechon\\OrderData', '2021-05-08 01:05:12', '2021-05-08 01:05:12', 'Jeoffy', 'jeff@yahoo.com', 'Soon I will fix the desig nof this', 'Product Name: Lechon Belly<br>Price: 135.50<br>Quantity: 3<br><hr>Total: $406.5', NULL, NULL),
(12, 'SilverStripe\\Lechon\\OrderData', '2021-05-08 22:00:26', '2021-05-08 22:00:26', 'Test name 111', 'jeff@yahoo.com', 'Please delete all cookies', 'Product Name: Lechon Belly<br>Price: 135.50<br>Quantity: 3<br><hr>Product Name: Lechon Belly Spicy<br>Price: 160.00<br>Quantity: 2<br><hr>Total: $726.5', NULL, NULL),
(13, 'SilverStripe\\Lechon\\OrderData', '2021-05-08 22:03:58', '2021-05-08 22:03:58', 'Test clear', 'testclear@yahoo.com', 'Clear cookies', 'Product Name: Lechon Belly<br>Price: 135.50<br>Quantity: 3<br><hr>Product Name: Lechon Belly Spicy<br>Price: 160.00<br>Quantity: 2<br><hr>Total: $726.5', NULL, NULL),
(14, 'SilverStripe\\Lechon\\OrderData', '2021-05-08 22:35:12', '2021-05-08 22:35:12', 'Lechon ko', 'lech@yahoo.com', 'Eto yung comment ko', 'Product Name: <br>Product Name: Lechon Belly<br>Price: 135.50<br>Quantity: 1<br><hr>Product Name: <br>Product Name: Lechon Belly Spicy<br>Price: 160.00<br>Quantity: 1<br><hr>Total: $295.5', '2021-05-22', NULL),
(15, 'SilverStripe\\Lechon\\OrderData', '2021-05-08 22:42:52', '2021-05-08 22:42:52', 'Jefffiii', 'jeffii@yahoo.com', 'Hey chard!', 'Product Name: <br>Product Name: Lechon Belly Spicy<br>Price: 160.00<br>Quantity: 1<br><hr>Total: $160', '2021-05-23', NULL),
(16, 'SilverStripe\\Lechon\\OrderData', '2021-05-08 22:50:04', '2021-05-08 22:50:04', 'Effy', 'jefffyy@yahoo.com', 'This is my order', 'Product Name: <br>Product Name: Lechon Belly Spicy<br>Price: 160.00<br>Quantity: 1<br><hr>Total: $160', '2021-05-19', '0275837432');

-- --------------------------------------------------------

--
-- Table structure for table `permission`
--

CREATE TABLE `permission` (
  `ID` int(11) NOT NULL,
  `ClassName` enum('SilverStripe\\Security\\Permission') CHARACTER SET utf8mb4 COLLATE utf8mb4_unicode_ci DEFAULT 'SilverStripe\\Security\\Permission',
  `LastEdited` datetime DEFAULT NULL,
  `Created` datetime DEFAULT NULL,
  `Code` varchar(255) CHARACTER SET utf8mb4 COLLATE utf8mb4_unicode_ci DEFAULT NULL,
  `Arg` int(11) NOT NULL DEFAULT 0,
  `Type` int(11) NOT NULL DEFAULT 1,
  `GroupID` int(11) NOT NULL DEFAULT 0
) ENGINE=InnoDB DEFAULT CHARSET=utf8mb4;

--
-- Dumping data for table `permission`
--

INSERT INTO `permission` (`ID`, `ClassName`, `LastEdited`, `Created`, `Code`, `Arg`, `Type`, `GroupID`) VALUES
(1, 'SilverStripe\\Security\\Permission', '2021-04-28 05:44:19', '2021-04-28 05:44:19', 'CMS_ACCESS_CMSMain', 0, 1, 1),
(2, 'SilverStripe\\Security\\Permission', '2021-04-28 05:44:20', '2021-04-28 05:44:20', 'CMS_ACCESS_AssetAdmin', 0, 1, 1),
(3, 'SilverStripe\\Security\\Permission', '2021-04-28 05:44:20', '2021-04-28 05:44:20', 'CMS_ACCESS_ReportAdmin', 0, 1, 1),
(4, 'SilverStripe\\Security\\Permission', '2021-04-28 05:44:20', '2021-04-28 05:44:20', 'SITETREE_REORGANISE', 0, 1, 1),
(5, 'SilverStripe\\Security\\Permission', '2021-04-28 05:44:20', '2021-04-28 05:44:20', 'ADMIN', 0, 1, 2);

-- --------------------------------------------------------

--
-- Table structure for table `permissionrole`
--

CREATE TABLE `permissionrole` (
  `ID` int(11) NOT NULL,
  `ClassName` enum('SilverStripe\\Security\\PermissionRole') CHARACTER SET utf8mb4 COLLATE utf8mb4_unicode_ci DEFAULT 'SilverStripe\\Security\\PermissionRole',
  `LastEdited` datetime DEFAULT NULL,
  `Created` datetime DEFAULT NULL,
  `Title` varchar(255) CHARACTER SET utf8mb4 COLLATE utf8mb4_unicode_ci DEFAULT NULL,
  `OnlyAdminCanApply` tinyint(1) UNSIGNED NOT NULL DEFAULT 0
) ENGINE=InnoDB DEFAULT CHARSET=utf8mb4;

-- --------------------------------------------------------

--
-- Table structure for table `permissionrolecode`
--

CREATE TABLE `permissionrolecode` (
  `ID` int(11) NOT NULL,
  `ClassName` enum('SilverStripe\\Security\\PermissionRoleCode') CHARACTER SET utf8mb4 COLLATE utf8mb4_unicode_ci DEFAULT 'SilverStripe\\Security\\PermissionRoleCode',
  `LastEdited` datetime DEFAULT NULL,
  `Created` datetime DEFAULT NULL,
  `Code` varchar(255) CHARACTER SET utf8mb4 COLLATE utf8mb4_unicode_ci DEFAULT NULL,
  `RoleID` int(11) NOT NULL DEFAULT 0
) ENGINE=InnoDB DEFAULT CHARSET=utf8mb4;

-- --------------------------------------------------------

--
-- Table structure for table `product`
--

CREATE TABLE `product` (
  `ID` int(11) NOT NULL,
  `ClassName` enum('SilverStripe\\Lechon\\Producttype','SilverStripe\\Port\\Product') CHARACTER SET utf8mb4 COLLATE utf8mb4_unicode_ci DEFAULT 'SilverStripe\\Lechon\\Producttype',
  `LastEdited` datetime DEFAULT NULL,
  `Created` datetime DEFAULT NULL,
  `Title` varchar(255) CHARACTER SET utf8mb4 COLLATE utf8mb4_unicode_ci DEFAULT NULL,
  `Price` decimal(9,2) NOT NULL DEFAULT 0.00,
  `Description` mediumtext CHARACTER SET utf8mb4 COLLATE utf8mb4_unicode_ci DEFAULT NULL,
  `Perkilo` tinyint(1) UNSIGNED NOT NULL DEFAULT 0,
  `Availability` tinyint(1) UNSIGNED NOT NULL DEFAULT 0,
  `PrimaryPhotoID` int(11) NOT NULL DEFAULT 0,
  `LeftOrder` tinyint(1) UNSIGNED NOT NULL DEFAULT 0,
  `Order` int(11) NOT NULL DEFAULT 0
) ENGINE=InnoDB DEFAULT CHARSET=utf8mb4;

--
-- Dumping data for table `product`
--

INSERT INTO `product` (`ID`, `ClassName`, `LastEdited`, `Created`, `Title`, `Price`, `Description`, `Perkilo`, `Availability`, `PrimaryPhotoID`, `LeftOrder`, `Order`) VALUES
(1, 'SilverStripe\\Port\\Product', '2021-04-29 06:08:59', '2021-04-29 06:08:59', 'Lechon Belly', '130.00', '<p class=\"wb-stl-normal\">It is the process of Deboning only the whole Pork belly/Side of the pig, spicing it up with</p><p class=\"wb-stl-normal\">our distinctive special ingredients then slow-roasting it out with open-charcoal fire.<br>It\'s just like the traditional way of preparing the All-Time Filipino Favorite, Lechon(Whole Roasted Pig).<br>But this time, It is just the best part, which is the Tiyan&nbsp;(Pork Belly/Side).</p>', 0, 1, 5, 0, 0),
(2, 'SilverStripe\\Port\\Product', '2021-04-29 06:10:40', '2021-04-29 06:10:40', 'Spicy Lechon Belly', '160.00', '<p>Have a feast on this<strong>&nbsp;Spicy Lechon Belly </strong>&nbsp;with skin so crispy and meat so tender and juicy. Made flavourful with simple herbs and spices like lemongrass, green onions, garlic, and chili.</p>', 0, 1, 6, 0, 0);

-- --------------------------------------------------------

--
-- Table structure for table `producttype`
--

CREATE TABLE `producttype` (
  `ID` int(11) NOT NULL,
  `ClassName` enum('SilverStripe\\Lechon\\Producttype') CHARACTER SET utf8mb4 COLLATE utf8mb4_unicode_ci DEFAULT 'SilverStripe\\Lechon\\Producttype',
  `LastEdited` datetime DEFAULT NULL,
  `Created` datetime DEFAULT NULL,
  `Title` varchar(255) CHARACTER SET utf8mb4 COLLATE utf8mb4_unicode_ci DEFAULT NULL,
  `Price` decimal(9,2) NOT NULL DEFAULT 0.00,
  `Description` mediumtext CHARACTER SET utf8mb4 COLLATE utf8mb4_unicode_ci DEFAULT NULL,
  `Perkilo` tinyint(1) UNSIGNED NOT NULL DEFAULT 0,
  `Availability` tinyint(1) UNSIGNED NOT NULL DEFAULT 0,
  `LeftOrder` tinyint(1) UNSIGNED NOT NULL DEFAULT 0,
  `PrimaryPhotoID` int(11) NOT NULL DEFAULT 0,
  `Teaser` mediumtext CHARACTER SET utf8mb4 COLLATE utf8mb4_unicode_ci DEFAULT NULL
) ENGINE=InnoDB DEFAULT CHARSET=utf8mb4;

--
-- Dumping data for table `producttype`
--

INSERT INTO `producttype` (`ID`, `ClassName`, `LastEdited`, `Created`, `Title`, `Price`, `Description`, `Perkilo`, `Availability`, `LeftOrder`, `PrimaryPhotoID`, `Teaser`) VALUES
(1, 'SilverStripe\\Lechon\\Producttype', '2021-05-04 07:29:40', '2021-04-29 06:35:44', 'Lechon Belly', '135.50', '<p>Have a feast on this<strong>&nbsp;Lechon Belly&nbsp;</strong>&nbsp;with skin so crispy and meat so tender and juicy. Made flavorful with simple herbs and spices like lemongrass, green onions, garlic, and chili.</p>', 0, 1, 1, 6, 'Have a feast on this Lechon Belly  with skin so crispy'),
(4, 'SilverStripe\\Lechon\\Producttype', '2021-05-04 07:29:51', '2021-04-29 06:36:52', 'Lechon Belly Spicy', '160.00', '<p>Lechon is a Spanish word for roasted suckling pig. However, it is actually not limited to small piglets, big ones are also roasted and made into Lechon. In the Philippines, you call roasted suckling pig a&nbsp;\"Lechon de Leche\".&nbsp;</p><p>Usually more expensive than a regular Lechon.&nbsp;But it is the buttery and super tender flesh that you are actually paying for.&nbsp;Although the name is Spanish, it is believed that early Filipinos were already roasting pigs or boars way before the Philippine Hispanic era. The most popular place in the Philippines to get the best Lechon is Cebu City.</p>', 0, 1, 1, 5, 'Lechon is a Spanish word for roasted suckling pig.');

-- --------------------------------------------------------

--
-- Table structure for table `redirectorpage`
--

CREATE TABLE `redirectorpage` (
  `ID` int(11) NOT NULL,
  `RedirectionType` enum('Internal','External') CHARACTER SET utf8mb4 COLLATE utf8mb4_unicode_ci DEFAULT 'Internal',
  `ExternalURL` varchar(2083) CHARACTER SET utf8mb4 COLLATE utf8mb4_unicode_ci DEFAULT NULL,
  `LinkToID` int(11) NOT NULL DEFAULT 0
) ENGINE=InnoDB DEFAULT CHARSET=utf8mb4;

-- --------------------------------------------------------

--
-- Table structure for table `redirectorpage_live`
--

CREATE TABLE `redirectorpage_live` (
  `ID` int(11) NOT NULL,
  `RedirectionType` enum('Internal','External') CHARACTER SET utf8mb4 COLLATE utf8mb4_unicode_ci DEFAULT 'Internal',
  `ExternalURL` varchar(2083) CHARACTER SET utf8mb4 COLLATE utf8mb4_unicode_ci DEFAULT NULL,
  `LinkToID` int(11) NOT NULL DEFAULT 0
) ENGINE=InnoDB DEFAULT CHARSET=utf8mb4;

-- --------------------------------------------------------

--
-- Table structure for table `redirectorpage_versions`
--

CREATE TABLE `redirectorpage_versions` (
  `ID` int(11) NOT NULL,
  `RecordID` int(11) NOT NULL DEFAULT 0,
  `Version` int(11) NOT NULL DEFAULT 0,
  `RedirectionType` enum('Internal','External') CHARACTER SET utf8mb4 COLLATE utf8mb4_unicode_ci DEFAULT 'Internal',
  `ExternalURL` varchar(2083) CHARACTER SET utf8mb4 COLLATE utf8mb4_unicode_ci DEFAULT NULL,
  `LinkToID` int(11) NOT NULL DEFAULT 0
) ENGINE=InnoDB DEFAULT CHARSET=utf8mb4;

-- --------------------------------------------------------

--
-- Table structure for table `rememberloginhash`
--

CREATE TABLE `rememberloginhash` (
  `ID` int(11) NOT NULL,
  `ClassName` enum('SilverStripe\\Security\\RememberLoginHash') CHARACTER SET utf8mb4 COLLATE utf8mb4_unicode_ci DEFAULT 'SilverStripe\\Security\\RememberLoginHash',
  `LastEdited` datetime DEFAULT NULL,
  `Created` datetime DEFAULT NULL,
  `DeviceID` varchar(40) CHARACTER SET utf8mb4 COLLATE utf8mb4_unicode_ci DEFAULT NULL,
  `Hash` varchar(160) CHARACTER SET utf8mb4 COLLATE utf8mb4_unicode_ci DEFAULT NULL,
  `ExpiryDate` datetime DEFAULT NULL,
  `MemberID` int(11) NOT NULL DEFAULT 0
) ENGINE=InnoDB DEFAULT CHARSET=utf8mb4;

-- --------------------------------------------------------

--
-- Table structure for table `silverstripe_lechon_homepage`
--

CREATE TABLE `silverstripe_lechon_homepage` (
  `ID` int(11) NOT NULL,
  `CallToAction` varchar(255) CHARACTER SET utf8mb4 COLLATE utf8mb4_unicode_ci DEFAULT NULL,
  `TagLine2` varchar(255) CHARACTER SET utf8mb4 COLLATE utf8mb4_unicode_ci DEFAULT NULL,
  `PhoneNumber` varchar(255) CHARACTER SET utf8mb4 COLLATE utf8mb4_unicode_ci DEFAULT NULL,
  `PhotoID` int(11) NOT NULL DEFAULT 0
) ENGINE=InnoDB DEFAULT CHARSET=utf8mb4;

-- --------------------------------------------------------

--
-- Table structure for table `silverstripe_lechon_homepage_live`
--

CREATE TABLE `silverstripe_lechon_homepage_live` (
  `ID` int(11) NOT NULL,
  `CallToAction` varchar(255) CHARACTER SET utf8mb4 COLLATE utf8mb4_unicode_ci DEFAULT NULL,
  `TagLine2` varchar(255) CHARACTER SET utf8mb4 COLLATE utf8mb4_unicode_ci DEFAULT NULL,
  `PhoneNumber` varchar(255) CHARACTER SET utf8mb4 COLLATE utf8mb4_unicode_ci DEFAULT NULL,
  `PhotoID` int(11) NOT NULL DEFAULT 0
) ENGINE=InnoDB DEFAULT CHARSET=utf8mb4;

-- --------------------------------------------------------

--
-- Table structure for table `silverstripe_lechon_homepage_versions`
--

CREATE TABLE `silverstripe_lechon_homepage_versions` (
  `ID` int(11) NOT NULL,
  `RecordID` int(11) NOT NULL DEFAULT 0,
  `Version` int(11) NOT NULL DEFAULT 0,
  `CallToAction` varchar(255) CHARACTER SET utf8mb4 COLLATE utf8mb4_unicode_ci DEFAULT NULL,
  `TagLine2` varchar(255) CHARACTER SET utf8mb4 COLLATE utf8mb4_unicode_ci DEFAULT NULL,
  `PhoneNumber` varchar(255) CHARACTER SET utf8mb4 COLLATE utf8mb4_unicode_ci DEFAULT NULL,
  `PhotoID` int(11) NOT NULL DEFAULT 0
) ENGINE=InnoDB DEFAULT CHARSET=utf8mb4;

-- --------------------------------------------------------

--
-- Table structure for table `siteconfig`
--

CREATE TABLE `siteconfig` (
  `ID` int(11) NOT NULL,
  `ClassName` enum('SilverStripe\\SiteConfig\\SiteConfig') CHARACTER SET utf8mb4 COLLATE utf8mb4_unicode_ci DEFAULT 'SilverStripe\\SiteConfig\\SiteConfig',
  `LastEdited` datetime DEFAULT NULL,
  `Created` datetime DEFAULT NULL,
  `Title` varchar(255) CHARACTER SET utf8mb4 COLLATE utf8mb4_unicode_ci DEFAULT NULL,
  `Tagline` varchar(255) CHARACTER SET utf8mb4 COLLATE utf8mb4_unicode_ci DEFAULT NULL,
  `CanViewType` enum('Anyone','LoggedInUsers','OnlyTheseUsers') CHARACTER SET utf8mb4 COLLATE utf8mb4_unicode_ci DEFAULT 'Anyone',
  `CanEditType` enum('LoggedInUsers','OnlyTheseUsers') CHARACTER SET utf8mb4 COLLATE utf8mb4_unicode_ci DEFAULT 'LoggedInUsers',
  `CanCreateTopLevelType` enum('LoggedInUsers','OnlyTheseUsers') CHARACTER SET utf8mb4 COLLATE utf8mb4_unicode_ci DEFAULT 'LoggedInUsers',
  `FacebookLink` varchar(255) CHARACTER SET utf8mb4 COLLATE utf8mb4_unicode_ci DEFAULT NULL,
  `TwitterLink` varchar(255) CHARACTER SET utf8mb4 COLLATE utf8mb4_unicode_ci DEFAULT NULL,
  `GoogleLink` varchar(255) CHARACTER SET utf8mb4 COLLATE utf8mb4_unicode_ci DEFAULT NULL,
  `YouTubeLink` varchar(255) CHARACTER SET utf8mb4 COLLATE utf8mb4_unicode_ci DEFAULT NULL,
  `FooterContent` mediumtext CHARACTER SET utf8mb4 COLLATE utf8mb4_unicode_ci DEFAULT NULL
) ENGINE=InnoDB DEFAULT CHARSET=utf8mb4;

--
-- Dumping data for table `siteconfig`
--

INSERT INTO `siteconfig` (`ID`, `ClassName`, `LastEdited`, `Created`, `Title`, `Tagline`, `CanViewType`, `CanEditType`, `CanCreateTopLevelType`, `FacebookLink`, `TwitterLink`, `GoogleLink`, `YouTubeLink`, `FooterContent`) VALUES
(1, 'SilverStripe\\SiteConfig\\SiteConfig', '2021-05-07 07:18:26', '2021-04-28 05:44:19', 'Gabby\'s Lechon', 'your tagline here', 'Anyone', 'LoggedInUsers', 'LoggedInUsers', 'https://www.facebook.com/richard.d.fuentes.5/posts/10219707040288751', NULL, NULL, 'https://www.youtube.com/', 'Phone: 027 5837432 | Email Address: jeoffy_hipolito@yahoo.com');

-- --------------------------------------------------------

--
-- Table structure for table `siteconfig_createtoplevelgroups`
--

CREATE TABLE `siteconfig_createtoplevelgroups` (
  `ID` int(11) NOT NULL,
  `SiteConfigID` int(11) NOT NULL DEFAULT 0,
  `GroupID` int(11) NOT NULL DEFAULT 0
) ENGINE=InnoDB DEFAULT CHARSET=utf8mb4;

-- --------------------------------------------------------

--
-- Table structure for table `siteconfig_editorgroups`
--

CREATE TABLE `siteconfig_editorgroups` (
  `ID` int(11) NOT NULL,
  `SiteConfigID` int(11) NOT NULL DEFAULT 0,
  `GroupID` int(11) NOT NULL DEFAULT 0
) ENGINE=InnoDB DEFAULT CHARSET=utf8mb4;

-- --------------------------------------------------------

--
-- Table structure for table `siteconfig_viewergroups`
--

CREATE TABLE `siteconfig_viewergroups` (
  `ID` int(11) NOT NULL,
  `SiteConfigID` int(11) NOT NULL DEFAULT 0,
  `GroupID` int(11) NOT NULL DEFAULT 0
) ENGINE=InnoDB DEFAULT CHARSET=utf8mb4;

-- --------------------------------------------------------

--
-- Table structure for table `sitetree`
--

CREATE TABLE `sitetree` (
  `ID` int(11) NOT NULL,
  `ClassName` enum('SilverStripe\\CMS\\Model\\SiteTree','Page','SilverStripe\\Lechon\\BlogHolder','SilverStripe\\Lechon\\BlogPage','SilverStripe\\Lechon\\CheckoutPage','SilverStripe\\Lechon\\HomePage','SilverStripe\\Lechon\\MycartPage','SilverStripe\\Lechon\\ProducttypePage','SilverStripe\\ErrorPage\\ErrorPage','SilverStripe\\CMS\\Model\\RedirectorPage','SilverStripe\\CMS\\Model\\VirtualPage') CHARACTER SET utf8mb4 COLLATE utf8mb4_unicode_ci DEFAULT 'Page',
  `LastEdited` datetime DEFAULT NULL,
  `Created` datetime DEFAULT NULL,
  `CanViewType` enum('Anyone','LoggedInUsers','OnlyTheseUsers','Inherit') CHARACTER SET utf8mb4 COLLATE utf8mb4_unicode_ci DEFAULT 'Inherit',
  `CanEditType` enum('LoggedInUsers','OnlyTheseUsers','Inherit') CHARACTER SET utf8mb4 COLLATE utf8mb4_unicode_ci DEFAULT 'Inherit',
  `Version` int(11) NOT NULL DEFAULT 0,
  `URLSegment` varchar(255) CHARACTER SET utf8mb4 COLLATE utf8mb4_unicode_ci DEFAULT NULL,
  `Title` varchar(255) CHARACTER SET utf8mb4 COLLATE utf8mb4_unicode_ci DEFAULT NULL,
  `MenuTitle` varchar(100) CHARACTER SET utf8mb4 COLLATE utf8mb4_unicode_ci DEFAULT NULL,
  `Content` mediumtext CHARACTER SET utf8mb4 COLLATE utf8mb4_unicode_ci DEFAULT NULL,
  `MetaDescription` mediumtext CHARACTER SET utf8mb4 COLLATE utf8mb4_unicode_ci DEFAULT NULL,
  `ExtraMeta` mediumtext CHARACTER SET utf8mb4 COLLATE utf8mb4_unicode_ci DEFAULT NULL,
  `ShowInMenus` tinyint(1) UNSIGNED NOT NULL DEFAULT 0,
  `ShowInSearch` tinyint(1) UNSIGNED NOT NULL DEFAULT 0,
  `Sort` int(11) NOT NULL DEFAULT 0,
  `HasBrokenFile` tinyint(1) UNSIGNED NOT NULL DEFAULT 0,
  `HasBrokenLink` tinyint(1) UNSIGNED NOT NULL DEFAULT 0,
  `ReportClass` varchar(255) CHARACTER SET utf8mb4 COLLATE utf8mb4_unicode_ci DEFAULT NULL,
  `ParentID` int(11) NOT NULL DEFAULT 0
) ENGINE=InnoDB DEFAULT CHARSET=utf8mb4;

--
-- Dumping data for table `sitetree`
--

INSERT INTO `sitetree` (`ID`, `ClassName`, `LastEdited`, `Created`, `CanViewType`, `CanEditType`, `Version`, `URLSegment`, `Title`, `MenuTitle`, `Content`, `MetaDescription`, `ExtraMeta`, `ShowInMenus`, `ShowInSearch`, `Sort`, `HasBrokenFile`, `HasBrokenLink`, `ReportClass`, `ParentID`) VALUES
(1, 'SilverStripe\\Lechon\\HomePage', '2021-04-28 08:20:18', '2021-04-28 05:44:19', 'Inherit', 'Inherit', 35, 'home', 'Home', NULL, '<p>Welcome to SilverStripe! This is the default homepage. You can edit this page by opening <a href=\"admin/\">the CMS</a>.</p><p>You can now access the <a href=\"http://docs.silverstripe.org\">developer documentation</a>, or begin the <a href=\"http://www.silverstripe.org/learn/lessons\">SilverStripe lessons</a>.</p>', NULL, NULL, 1, 1, 1, 0, 0, NULL, 0),
(2, 'Page', '2021-04-28 05:44:19', '2021-04-28 05:44:19', 'Inherit', 'Inherit', 2, 'about-us', 'About Us', NULL, '<p>You can fill this page out with your own content, or delete it and create your own pages.</p>', NULL, NULL, 1, 1, 2, 0, 0, NULL, 0),
(3, 'Page', '2021-04-28 05:44:19', '2021-04-28 05:44:19', 'Inherit', 'Inherit', 2, 'contact-us', 'Contact Us', NULL, '<p>You can fill this page out with your own content, or delete it and create your own pages.</p>', NULL, NULL, 1, 1, 3, 0, 0, NULL, 0),
(4, 'SilverStripe\\ErrorPage\\ErrorPage', '2021-04-28 05:44:20', '2021-04-28 05:44:20', 'Inherit', 'Inherit', 2, 'page-not-found', 'Page not found', NULL, '<p>Sorry, it seems you were trying to access a page that doesn\'t exist.</p><p>Please check the spelling of the URL you were trying to access and try again.</p>', NULL, NULL, 0, 0, 4, 0, 0, NULL, 0),
(5, 'SilverStripe\\ErrorPage\\ErrorPage', '2021-04-28 05:44:20', '2021-04-28 05:44:20', 'Inherit', 'Inherit', 2, 'server-error', 'Server error', NULL, '<p>Sorry, there was a problem with handling your request.</p>', NULL, NULL, 0, 0, 5, 0, 0, NULL, 0),
(6, 'SilverStripe\\Lechon\\MycartPage', '2021-04-30 05:50:19', '2021-04-30 05:31:14', 'Inherit', 'Inherit', 7, 'cart', 'Cart', NULL, NULL, NULL, NULL, 1, 1, 6, 0, 0, NULL, 0),
(7, 'SilverStripe\\Lechon\\CheckoutPage', '2021-05-04 06:58:22', '2021-05-04 06:58:00', 'Inherit', 'Inherit', 3, 'checkout', 'Checkout', NULL, NULL, NULL, NULL, 1, 1, 7, 0, 0, NULL, 0),
(8, 'Page', '2021-05-08 22:08:35', '2021-05-05 06:46:02', 'Inherit', 'Inherit', 5, 'success', 'Success', NULL, '<p class=\"text-center\">&nbsp;</p><h3 class=\"text-center\">Thank you for your order....</h3>', NULL, NULL, 1, 1, 8, 0, 0, NULL, 0),
(9, 'SilverStripe\\Lechon\\BlogHolder', '2021-05-05 07:07:24', '2021-05-05 07:07:05', 'Inherit', 'Inherit', 3, 'blog', 'Blog', NULL, NULL, NULL, NULL, 1, 1, 9, 0, 0, NULL, 0),
(10, 'SilverStripe\\Lechon\\BlogPage', '2021-05-05 07:11:02', '2021-05-05 07:08:57', 'Inherit', 'Inherit', 3, 'first-blog', 'First Blog', NULL, '<p><span>Fairly short and simple. We define an array to hold errors and set&nbsp;</span>null<span>&nbsp;values for the three form fields. The&nbsp;</span>checkForm<span>&nbsp;logic (which is run on submit remember) checks for name and age only as movie is optional. If they are empty we check each and set a specific error for each. And that’s really it. You can run the demo below. Don’t forget that on a successful submission it’s going to POST to a temporary URL.</span></p><p><span>Fairly short and simple. We define an array to hold errors and set&nbsp;null&nbsp;values for the three form fields. The&nbsp;checkForm&nbsp;logic (which is run on submit remember) checks for name and age only as movie is optional. If they are empty we check each and set a specific error for each. And that’s really it. You can run the demo below. Don’t forget that on a successful submission it’s going to POST to a temporary URL.</span></p>', NULL, NULL, 1, 1, 1, 0, 0, NULL, 9),
(11, 'SilverStripe\\Lechon\\BlogPage', '2021-05-05 07:19:27', '2021-05-05 07:17:26', 'Inherit', 'Inherit', 3, 'second-blog', 'Second Blog', NULL, '<p>which will be validated with a bit of custom logic. The code is taken from the StackOverflow question, How to validate email address in JavaScript?. This is an awesome question becausewhich will be validated with a bit of custom logic. The code is taken from the StackOverflow question, How to validate email address in JavaScript?. This is an awesome question because</p><p>&nbsp;</p><p>which will be validated with a bit of custom logic. The code is taken from the StackOverflow question, How to validate email address in JavaScript?. This is an awesome question because</p><p>&nbsp;</p>[embed url=\"https://www.youtube.com/watch?v=TxqK07z1cI0\" thumbnail=\"https://i.ytimg.com/vi/TxqK07z1cI0/hqdefault.jpg\" class=\"center ss-htmleditorfield-file embed\" width=\"633\" height=\"475\"]https://www.youtube.com/watch?v=TxqK07z1cI0[/embed]', NULL, NULL, 1, 1, 2, 0, 0, NULL, 9);

-- --------------------------------------------------------

--
-- Table structure for table `sitetreelink`
--

CREATE TABLE `sitetreelink` (
  `ID` int(11) NOT NULL,
  `ClassName` enum('SilverStripe\\CMS\\Model\\SiteTreeLink') CHARACTER SET utf8mb4 COLLATE utf8mb4_unicode_ci DEFAULT 'SilverStripe\\CMS\\Model\\SiteTreeLink',
  `LastEdited` datetime DEFAULT NULL,
  `Created` datetime DEFAULT NULL,
  `LinkedID` int(11) NOT NULL DEFAULT 0,
  `ParentID` int(11) NOT NULL DEFAULT 0,
  `ParentClass` enum('SilverStripe\\Lechon\\FaqData','SilverStripe\\Lechon\\OrderData','SilverStripe\\Lechon\\Producttype','SilverStripe\\Assets\\File','SilverStripe\\SiteConfig\\SiteConfig','SilverStripe\\Versioned\\ChangeSet','SilverStripe\\Versioned\\ChangeSetItem','SilverStripe\\Assets\\Shortcodes\\FileLink','SilverStripe\\CMS\\Model\\SiteTree','SilverStripe\\CMS\\Model\\SiteTreeLink','SilverStripe\\Security\\Group','SilverStripe\\Security\\LoginAttempt','SilverStripe\\Security\\Member','SilverStripe\\Security\\MemberPassword','SilverStripe\\Security\\Permission','SilverStripe\\Security\\PermissionRole','SilverStripe\\Security\\PermissionRoleCode','SilverStripe\\Security\\RememberLoginHash','SilverStripe\\Assets\\Folder','SilverStripe\\Assets\\Image','Page','SilverStripe\\Lechon\\BlogHolder','SilverStripe\\Lechon\\BlogPage','SilverStripe\\Lechon\\CheckoutPage','SilverStripe\\Lechon\\HomePage','SilverStripe\\Lechon\\MycartPage','SilverStripe\\Lechon\\ProducttypePage','SilverStripe\\ErrorPage\\ErrorPage','SilverStripe\\CMS\\Model\\RedirectorPage','SilverStripe\\CMS\\Model\\VirtualPage') CHARACTER SET utf8mb4 COLLATE utf8mb4_unicode_ci DEFAULT 'SilverStripe\\Lechon\\FaqData'
) ENGINE=InnoDB DEFAULT CHARSET=utf8mb4;

-- --------------------------------------------------------

--
-- Table structure for table `sitetree_editorgroups`
--

CREATE TABLE `sitetree_editorgroups` (
  `ID` int(11) NOT NULL,
  `SiteTreeID` int(11) NOT NULL DEFAULT 0,
  `GroupID` int(11) NOT NULL DEFAULT 0
) ENGINE=InnoDB DEFAULT CHARSET=utf8mb4;

-- --------------------------------------------------------

--
-- Table structure for table `sitetree_live`
--

CREATE TABLE `sitetree_live` (
  `ID` int(11) NOT NULL,
  `ClassName` enum('SilverStripe\\CMS\\Model\\SiteTree','Page','SilverStripe\\Lechon\\BlogHolder','SilverStripe\\Lechon\\BlogPage','SilverStripe\\Lechon\\CheckoutPage','SilverStripe\\Lechon\\HomePage','SilverStripe\\Lechon\\MycartPage','SilverStripe\\Lechon\\ProducttypePage','SilverStripe\\ErrorPage\\ErrorPage','SilverStripe\\CMS\\Model\\RedirectorPage','SilverStripe\\CMS\\Model\\VirtualPage') CHARACTER SET utf8mb4 COLLATE utf8mb4_unicode_ci DEFAULT 'Page',
  `LastEdited` datetime DEFAULT NULL,
  `Created` datetime DEFAULT NULL,
  `CanViewType` enum('Anyone','LoggedInUsers','OnlyTheseUsers','Inherit') CHARACTER SET utf8mb4 COLLATE utf8mb4_unicode_ci DEFAULT 'Inherit',
  `CanEditType` enum('LoggedInUsers','OnlyTheseUsers','Inherit') CHARACTER SET utf8mb4 COLLATE utf8mb4_unicode_ci DEFAULT 'Inherit',
  `Version` int(11) NOT NULL DEFAULT 0,
  `URLSegment` varchar(255) CHARACTER SET utf8mb4 COLLATE utf8mb4_unicode_ci DEFAULT NULL,
  `Title` varchar(255) CHARACTER SET utf8mb4 COLLATE utf8mb4_unicode_ci DEFAULT NULL,
  `MenuTitle` varchar(100) CHARACTER SET utf8mb4 COLLATE utf8mb4_unicode_ci DEFAULT NULL,
  `Content` mediumtext CHARACTER SET utf8mb4 COLLATE utf8mb4_unicode_ci DEFAULT NULL,
  `MetaDescription` mediumtext CHARACTER SET utf8mb4 COLLATE utf8mb4_unicode_ci DEFAULT NULL,
  `ExtraMeta` mediumtext CHARACTER SET utf8mb4 COLLATE utf8mb4_unicode_ci DEFAULT NULL,
  `ShowInMenus` tinyint(1) UNSIGNED NOT NULL DEFAULT 0,
  `ShowInSearch` tinyint(1) UNSIGNED NOT NULL DEFAULT 0,
  `Sort` int(11) NOT NULL DEFAULT 0,
  `HasBrokenFile` tinyint(1) UNSIGNED NOT NULL DEFAULT 0,
  `HasBrokenLink` tinyint(1) UNSIGNED NOT NULL DEFAULT 0,
  `ReportClass` varchar(255) CHARACTER SET utf8mb4 COLLATE utf8mb4_unicode_ci DEFAULT NULL,
  `ParentID` int(11) NOT NULL DEFAULT 0
) ENGINE=InnoDB DEFAULT CHARSET=utf8mb4;

--
-- Dumping data for table `sitetree_live`
--

INSERT INTO `sitetree_live` (`ID`, `ClassName`, `LastEdited`, `Created`, `CanViewType`, `CanEditType`, `Version`, `URLSegment`, `Title`, `MenuTitle`, `Content`, `MetaDescription`, `ExtraMeta`, `ShowInMenus`, `ShowInSearch`, `Sort`, `HasBrokenFile`, `HasBrokenLink`, `ReportClass`, `ParentID`) VALUES
(1, 'SilverStripe\\Lechon\\HomePage', '2021-04-28 08:20:18', '2021-04-28 05:44:19', 'Inherit', 'Inherit', 35, 'home', 'Home', NULL, '<p>Welcome to SilverStripe! This is the default homepage. You can edit this page by opening <a href=\"admin/\">the CMS</a>.</p><p>You can now access the <a href=\"http://docs.silverstripe.org\">developer documentation</a>, or begin the <a href=\"http://www.silverstripe.org/learn/lessons\">SilverStripe lessons</a>.</p>', NULL, NULL, 1, 1, 1, 0, 0, NULL, 0),
(2, 'Page', '2021-04-28 05:44:19', '2021-04-28 05:44:19', 'Inherit', 'Inherit', 2, 'about-us', 'About Us', NULL, '<p>You can fill this page out with your own content, or delete it and create your own pages.</p>', NULL, NULL, 1, 1, 2, 0, 0, NULL, 0),
(3, 'Page', '2021-04-28 05:44:19', '2021-04-28 05:44:19', 'Inherit', 'Inherit', 2, 'contact-us', 'Contact Us', NULL, '<p>You can fill this page out with your own content, or delete it and create your own pages.</p>', NULL, NULL, 1, 1, 3, 0, 0, NULL, 0),
(4, 'SilverStripe\\ErrorPage\\ErrorPage', '2021-04-28 05:44:20', '2021-04-28 05:44:20', 'Inherit', 'Inherit', 2, 'page-not-found', 'Page not found', NULL, '<p>Sorry, it seems you were trying to access a page that doesn\'t exist.</p><p>Please check the spelling of the URL you were trying to access and try again.</p>', NULL, NULL, 0, 0, 4, 0, 0, NULL, 0),
(5, 'SilverStripe\\ErrorPage\\ErrorPage', '2021-04-28 05:44:20', '2021-04-28 05:44:20', 'Inherit', 'Inherit', 2, 'server-error', 'Server error', NULL, '<p>Sorry, there was a problem with handling your request.</p>', NULL, NULL, 0, 0, 5, 0, 0, NULL, 0),
(6, 'SilverStripe\\Lechon\\MycartPage', '2021-04-30 05:50:19', '2021-04-30 05:31:14', 'Inherit', 'Inherit', 7, 'cart', 'Cart', NULL, NULL, NULL, NULL, 1, 1, 6, 0, 0, NULL, 0),
(7, 'SilverStripe\\Lechon\\CheckoutPage', '2021-05-04 06:58:11', '2021-05-04 06:58:00', 'Inherit', 'Inherit', 3, 'checkout', 'Checkout', NULL, NULL, NULL, NULL, 1, 1, 7, 0, 0, NULL, 0),
(8, 'Page', '2021-05-08 22:08:35', '2021-05-05 06:46:02', 'Inherit', 'Inherit', 5, 'success', 'Success', NULL, '<p class=\"text-center\">&nbsp;</p><h3 class=\"text-center\">Thank you for your order....</h3>', NULL, NULL, 1, 1, 8, 0, 0, NULL, 0),
(9, 'SilverStripe\\Lechon\\BlogHolder', '2021-05-05 07:07:20', '2021-05-05 07:07:05', 'Inherit', 'Inherit', 3, 'blog', 'Blog', NULL, NULL, NULL, NULL, 1, 1, 9, 0, 0, NULL, 0),
(10, 'SilverStripe\\Lechon\\BlogPage', '2021-05-05 07:11:02', '2021-05-05 07:08:57', 'Inherit', 'Inherit', 3, 'first-blog', 'First Blog', NULL, '<p><span>Fairly short and simple. We define an array to hold errors and set&nbsp;</span>null<span>&nbsp;values for the three form fields. The&nbsp;</span>checkForm<span>&nbsp;logic (which is run on submit remember) checks for name and age only as movie is optional. If they are empty we check each and set a specific error for each. And that’s really it. You can run the demo below. Don’t forget that on a successful submission it’s going to POST to a temporary URL.</span></p><p><span>Fairly short and simple. We define an array to hold errors and set&nbsp;null&nbsp;values for the three form fields. The&nbsp;checkForm&nbsp;logic (which is run on submit remember) checks for name and age only as movie is optional. If they are empty we check each and set a specific error for each. And that’s really it. You can run the demo below. Don’t forget that on a successful submission it’s going to POST to a temporary URL.</span></p>', NULL, NULL, 1, 1, 1, 0, 0, NULL, 9),
(11, 'SilverStripe\\Lechon\\BlogPage', '2021-05-05 07:19:27', '2021-05-05 07:17:26', 'Inherit', 'Inherit', 3, 'second-blog', 'Second Blog', NULL, '<p>which will be validated with a bit of custom logic. The code is taken from the StackOverflow question, How to validate email address in JavaScript?. This is an awesome question becausewhich will be validated with a bit of custom logic. The code is taken from the StackOverflow question, How to validate email address in JavaScript?. This is an awesome question because</p><p>&nbsp;</p><p>which will be validated with a bit of custom logic. The code is taken from the StackOverflow question, How to validate email address in JavaScript?. This is an awesome question because</p><p>&nbsp;</p>[embed url=\"https://www.youtube.com/watch?v=TxqK07z1cI0\" thumbnail=\"https://i.ytimg.com/vi/TxqK07z1cI0/hqdefault.jpg\" class=\"center ss-htmleditorfield-file embed\" width=\"633\" height=\"475\"]https://www.youtube.com/watch?v=TxqK07z1cI0[/embed]', NULL, NULL, 1, 1, 2, 0, 0, NULL, 9);

-- --------------------------------------------------------

--
-- Table structure for table `sitetree_versions`
--

CREATE TABLE `sitetree_versions` (
  `ID` int(11) NOT NULL,
  `RecordID` int(11) NOT NULL DEFAULT 0,
  `Version` int(11) NOT NULL DEFAULT 0,
  `WasPublished` tinyint(1) UNSIGNED NOT NULL DEFAULT 0,
  `WasDeleted` tinyint(1) UNSIGNED NOT NULL DEFAULT 0,
  `WasDraft` tinyint(1) UNSIGNED NOT NULL DEFAULT 1,
  `AuthorID` int(11) NOT NULL DEFAULT 0,
  `PublisherID` int(11) NOT NULL DEFAULT 0,
  `ClassName` enum('SilverStripe\\CMS\\Model\\SiteTree','Page','SilverStripe\\Lechon\\BlogHolder','SilverStripe\\Lechon\\BlogPage','SilverStripe\\Lechon\\CheckoutPage','SilverStripe\\Lechon\\HomePage','SilverStripe\\Lechon\\MycartPage','SilverStripe\\Lechon\\ProducttypePage','SilverStripe\\ErrorPage\\ErrorPage','SilverStripe\\CMS\\Model\\RedirectorPage','SilverStripe\\CMS\\Model\\VirtualPage','','SilverStripe\\Lechon\\CartPage','SilverStripe\\Port\\CartPage') CHARACTER SET utf8mb4 COLLATE utf8mb4_unicode_ci DEFAULT 'Page',
  `LastEdited` datetime DEFAULT NULL,
  `Created` datetime DEFAULT NULL,
  `CanViewType` enum('Anyone','LoggedInUsers','OnlyTheseUsers','Inherit') CHARACTER SET utf8mb4 COLLATE utf8mb4_unicode_ci DEFAULT 'Inherit',
  `CanEditType` enum('LoggedInUsers','OnlyTheseUsers','Inherit') CHARACTER SET utf8mb4 COLLATE utf8mb4_unicode_ci DEFAULT 'Inherit',
  `URLSegment` varchar(255) CHARACTER SET utf8mb4 COLLATE utf8mb4_unicode_ci DEFAULT NULL,
  `Title` varchar(255) CHARACTER SET utf8mb4 COLLATE utf8mb4_unicode_ci DEFAULT NULL,
  `MenuTitle` varchar(100) CHARACTER SET utf8mb4 COLLATE utf8mb4_unicode_ci DEFAULT NULL,
  `Content` mediumtext CHARACTER SET utf8mb4 COLLATE utf8mb4_unicode_ci DEFAULT NULL,
  `MetaDescription` mediumtext CHARACTER SET utf8mb4 COLLATE utf8mb4_unicode_ci DEFAULT NULL,
  `ExtraMeta` mediumtext CHARACTER SET utf8mb4 COLLATE utf8mb4_unicode_ci DEFAULT NULL,
  `ShowInMenus` tinyint(1) UNSIGNED NOT NULL DEFAULT 0,
  `ShowInSearch` tinyint(1) UNSIGNED NOT NULL DEFAULT 0,
  `Sort` int(11) NOT NULL DEFAULT 0,
  `HasBrokenFile` tinyint(1) UNSIGNED NOT NULL DEFAULT 0,
  `HasBrokenLink` tinyint(1) UNSIGNED NOT NULL DEFAULT 0,
  `ReportClass` varchar(255) CHARACTER SET utf8mb4 COLLATE utf8mb4_unicode_ci DEFAULT NULL,
  `ParentID` int(11) NOT NULL DEFAULT 0
) ENGINE=InnoDB DEFAULT CHARSET=utf8mb4;

--
-- Dumping data for table `sitetree_versions`
--

INSERT INTO `sitetree_versions` (`ID`, `RecordID`, `Version`, `WasPublished`, `WasDeleted`, `WasDraft`, `AuthorID`, `PublisherID`, `ClassName`, `LastEdited`, `Created`, `CanViewType`, `CanEditType`, `URLSegment`, `Title`, `MenuTitle`, `Content`, `MetaDescription`, `ExtraMeta`, `ShowInMenus`, `ShowInSearch`, `Sort`, `HasBrokenFile`, `HasBrokenLink`, `ReportClass`, `ParentID`) VALUES
(1, 1, 1, 0, 0, 1, 0, 0, 'Page', '2021-04-28 05:44:19', '2021-04-28 05:44:19', 'Inherit', 'Inherit', 'home', 'Home', NULL, '<p>Welcome to SilverStripe! This is the default homepage. You can edit this page by opening <a href=\"admin/\">the CMS</a>.</p><p>You can now access the <a href=\"http://docs.silverstripe.org\">developer documentation</a>, or begin the <a href=\"http://www.silverstripe.org/learn/lessons\">SilverStripe lessons</a>.</p>', NULL, NULL, 1, 1, 1, 0, 0, NULL, 0),
(2, 1, 2, 1, 0, 1, 0, 0, 'Page', '2021-04-28 05:44:19', '2021-04-28 05:44:19', 'Inherit', 'Inherit', 'home', 'Home', NULL, '<p>Welcome to SilverStripe! This is the default homepage. You can edit this page by opening <a href=\"admin/\">the CMS</a>.</p><p>You can now access the <a href=\"http://docs.silverstripe.org\">developer documentation</a>, or begin the <a href=\"http://www.silverstripe.org/learn/lessons\">SilverStripe lessons</a>.</p>', NULL, NULL, 1, 1, 1, 0, 0, NULL, 0),
(3, 2, 1, 0, 0, 1, 0, 0, 'Page', '2021-04-28 05:44:19', '2021-04-28 05:44:19', 'Inherit', 'Inherit', 'about-us', 'About Us', NULL, '<p>You can fill this page out with your own content, or delete it and create your own pages.</p>', NULL, NULL, 1, 1, 2, 0, 0, NULL, 0),
(4, 2, 2, 1, 0, 1, 0, 0, 'Page', '2021-04-28 05:44:19', '2021-04-28 05:44:19', 'Inherit', 'Inherit', 'about-us', 'About Us', NULL, '<p>You can fill this page out with your own content, or delete it and create your own pages.</p>', NULL, NULL, 1, 1, 2, 0, 0, NULL, 0),
(5, 3, 1, 0, 0, 1, 0, 0, 'Page', '2021-04-28 05:44:19', '2021-04-28 05:44:19', 'Inherit', 'Inherit', 'contact-us', 'Contact Us', NULL, '<p>You can fill this page out with your own content, or delete it and create your own pages.</p>', NULL, NULL, 1, 1, 3, 0, 0, NULL, 0),
(6, 3, 2, 1, 0, 1, 0, 0, 'Page', '2021-04-28 05:44:19', '2021-04-28 05:44:19', 'Inherit', 'Inherit', 'contact-us', 'Contact Us', NULL, '<p>You can fill this page out with your own content, or delete it and create your own pages.</p>', NULL, NULL, 1, 1, 3, 0, 0, NULL, 0),
(7, 4, 1, 0, 0, 1, 0, 0, 'SilverStripe\\ErrorPage\\ErrorPage', '2021-04-28 05:44:20', '2021-04-28 05:44:20', 'Inherit', 'Inherit', 'page-not-found', 'Page not found', NULL, '<p>Sorry, it seems you were trying to access a page that doesn\'t exist.</p><p>Please check the spelling of the URL you were trying to access and try again.</p>', NULL, NULL, 0, 0, 4, 0, 0, NULL, 0),
(8, 4, 2, 1, 0, 1, 0, 0, 'SilverStripe\\ErrorPage\\ErrorPage', '2021-04-28 05:44:20', '2021-04-28 05:44:20', 'Inherit', 'Inherit', 'page-not-found', 'Page not found', NULL, '<p>Sorry, it seems you were trying to access a page that doesn\'t exist.</p><p>Please check the spelling of the URL you were trying to access and try again.</p>', NULL, NULL, 0, 0, 4, 0, 0, NULL, 0),
(9, 5, 1, 0, 0, 1, 0, 0, 'SilverStripe\\ErrorPage\\ErrorPage', '2021-04-28 05:44:20', '2021-04-28 05:44:20', 'Inherit', 'Inherit', 'server-error', 'Server error', NULL, '<p>Sorry, there was a problem with handling your request.</p>', NULL, NULL, 0, 0, 5, 0, 0, NULL, 0),
(10, 5, 2, 1, 0, 1, 0, 0, 'SilverStripe\\ErrorPage\\ErrorPage', '2021-04-28 05:44:20', '2021-04-28 05:44:20', 'Inherit', 'Inherit', 'server-error', 'Server error', NULL, '<p>Sorry, there was a problem with handling your request.</p>', NULL, NULL, 0, 0, 5, 0, 0, NULL, 0),
(11, 1, 3, 0, 0, 1, 1, 0, '', '2021-04-28 06:28:54', '2021-04-28 05:44:19', 'Inherit', 'Inherit', 'home', 'Home', NULL, '<p>Welcome to SilverStripe! This is the default homepage. You can edit this page by opening <a href=\"admin/\">the CMS</a>.</p><p>You can now access the <a href=\"http://docs.silverstripe.org\">developer documentation</a>, or begin the <a href=\"http://www.silverstripe.org/learn/lessons\">SilverStripe lessons</a>.</p>', NULL, NULL, 1, 1, 1, 0, 0, NULL, 0),
(12, 1, 4, 0, 0, 1, 1, 0, 'SilverStripe\\CMS\\Model\\VirtualPage', '2021-04-28 06:28:55', '2021-04-28 05:44:19', 'Inherit', 'Inherit', 'home', 'Home', NULL, '<p>Welcome to SilverStripe! This is the default homepage. You can edit this page by opening <a href=\"admin/\">the CMS</a>.</p><p>You can now access the <a href=\"http://docs.silverstripe.org\">developer documentation</a>, or begin the <a href=\"http://www.silverstripe.org/learn/lessons\">SilverStripe lessons</a>.</p>', NULL, NULL, 1, 1, 1, 0, 1, NULL, 0),
(13, 1, 5, 1, 0, 1, 1, 1, 'SilverStripe\\CMS\\Model\\VirtualPage', '2021-04-28 06:28:55', '2021-04-28 05:44:19', 'Inherit', 'Inherit', 'home', 'Home', NULL, '<p>Welcome to SilverStripe! This is the default homepage. You can edit this page by opening <a href=\"admin/\">the CMS</a>.</p><p>You can now access the <a href=\"http://docs.silverstripe.org\">developer documentation</a>, or begin the <a href=\"http://www.silverstripe.org/learn/lessons\">SilverStripe lessons</a>.</p>', NULL, NULL, 1, 1, 1, 0, 1, NULL, 0),
(14, 1, 6, 0, 0, 1, 1, 0, 'SilverStripe\\Lechon\\HomePage', '2021-04-28 06:34:43', '2021-04-28 05:44:19', 'Inherit', 'Inherit', 'home', 'Home', NULL, '<p>Welcome to SilverStripe! This is the default homepage. You can edit this page by opening <a href=\"admin/\">the CMS</a>.</p><p>You can now access the <a href=\"http://docs.silverstripe.org\">developer documentation</a>, or begin the <a href=\"http://www.silverstripe.org/learn/lessons\">SilverStripe lessons</a>.</p>', NULL, NULL, 1, 1, 1, 0, 0, NULL, 0),
(15, 1, 7, 1, 0, 1, 1, 1, 'SilverStripe\\Lechon\\HomePage', '2021-04-28 06:34:57', '2021-04-28 05:44:19', 'Inherit', 'Inherit', 'home', 'Home', NULL, '<p>Welcome to SilverStripe! This is the default homepage. You can edit this page by opening <a href=\"admin/\">the CMS</a>.</p><p>You can now access the <a href=\"http://docs.silverstripe.org\">developer documentation</a>, or begin the <a href=\"http://www.silverstripe.org/learn/lessons\">SilverStripe lessons</a>.</p>', NULL, NULL, 1, 1, 1, 0, 0, NULL, 0),
(16, 1, 8, 0, 0, 1, 1, 0, 'SilverStripe\\Lechon\\HomePage', '2021-04-28 07:55:05', '2021-04-28 05:44:19', 'Inherit', 'Inherit', 'home', 'Home', NULL, '<p>Welcome to SilverStripe! This is the default homepage. You can edit this page by opening <a href=\"admin/\">the CMS</a>.</p><p>You can now access the <a href=\"http://docs.silverstripe.org\">developer documentation</a>, or begin the <a href=\"http://www.silverstripe.org/learn/lessons\">SilverStripe lessons</a>.</p>', NULL, NULL, 1, 1, 1, 0, 0, NULL, 0),
(17, 1, 9, 1, 0, 1, 1, 1, 'SilverStripe\\Lechon\\HomePage', '2021-04-28 07:55:05', '2021-04-28 05:44:19', 'Inherit', 'Inherit', 'home', 'Home', NULL, '<p>Welcome to SilverStripe! This is the default homepage. You can edit this page by opening <a href=\"admin/\">the CMS</a>.</p><p>You can now access the <a href=\"http://docs.silverstripe.org\">developer documentation</a>, or begin the <a href=\"http://www.silverstripe.org/learn/lessons\">SilverStripe lessons</a>.</p>', NULL, NULL, 1, 1, 1, 0, 0, NULL, 0),
(18, 1, 10, 0, 0, 1, 1, 0, 'SilverStripe\\Lechon\\HomePage', '2021-04-28 07:56:33', '2021-04-28 05:44:19', 'Inherit', 'Inherit', 'home', 'Home', NULL, '<p>Welcome to SilverStripe! This is the default homepage. You can edit this page by opening <a href=\"admin/\">the CMS</a>.</p><p>You can now access the <a href=\"http://docs.silverstripe.org\">developer documentation</a>, or begin the <a href=\"http://www.silverstripe.org/learn/lessons\">SilverStripe lessons</a>.</p>', NULL, NULL, 1, 1, 1, 0, 0, NULL, 0),
(19, 1, 11, 1, 0, 1, 1, 1, 'SilverStripe\\Lechon\\HomePage', '2021-04-28 07:56:33', '2021-04-28 05:44:19', 'Inherit', 'Inherit', 'home', 'Home', NULL, '<p>Welcome to SilverStripe! This is the default homepage. You can edit this page by opening <a href=\"admin/\">the CMS</a>.</p><p>You can now access the <a href=\"http://docs.silverstripe.org\">developer documentation</a>, or begin the <a href=\"http://www.silverstripe.org/learn/lessons\">SilverStripe lessons</a>.</p>', NULL, NULL, 1, 1, 1, 0, 0, NULL, 0),
(20, 1, 12, 0, 0, 1, 1, 0, 'SilverStripe\\Lechon\\HomePage', '2021-04-28 07:57:22', '2021-04-28 05:44:19', 'Inherit', 'Inherit', 'home', 'Home', NULL, '<p>Welcome to SilverStripe! This is the default homepage. You can edit this page by opening <a href=\"admin/\">the CMS</a>.</p><p>You can now access the <a href=\"http://docs.silverstripe.org\">developer documentation</a>, or begin the <a href=\"http://www.silverstripe.org/learn/lessons\">SilverStripe lessons</a>.</p>', NULL, NULL, 1, 1, 1, 0, 0, NULL, 0),
(21, 1, 13, 1, 0, 1, 1, 1, 'SilverStripe\\Lechon\\HomePage', '2021-04-28 07:57:22', '2021-04-28 05:44:19', 'Inherit', 'Inherit', 'home', 'Home', NULL, '<p>Welcome to SilverStripe! This is the default homepage. You can edit this page by opening <a href=\"admin/\">the CMS</a>.</p><p>You can now access the <a href=\"http://docs.silverstripe.org\">developer documentation</a>, or begin the <a href=\"http://www.silverstripe.org/learn/lessons\">SilverStripe lessons</a>.</p>', NULL, NULL, 1, 1, 1, 0, 0, NULL, 0),
(22, 1, 14, 0, 0, 1, 1, 0, 'SilverStripe\\Lechon\\HomePage', '2021-04-28 07:58:08', '2021-04-28 05:44:19', 'Inherit', 'Inherit', 'home', 'Home', NULL, '<p>Welcome to SilverStripe! This is the default homepage. You can edit this page by opening <a href=\"admin/\">the CMS</a>.</p><p>You can now access the <a href=\"http://docs.silverstripe.org\">developer documentation</a>, or begin the <a href=\"http://www.silverstripe.org/learn/lessons\">SilverStripe lessons</a>.</p>', NULL, NULL, 1, 1, 1, 0, 0, NULL, 0),
(23, 1, 15, 1, 0, 1, 1, 1, 'SilverStripe\\Lechon\\HomePage', '2021-04-28 07:58:08', '2021-04-28 05:44:19', 'Inherit', 'Inherit', 'home', 'Home', NULL, '<p>Welcome to SilverStripe! This is the default homepage. You can edit this page by opening <a href=\"admin/\">the CMS</a>.</p><p>You can now access the <a href=\"http://docs.silverstripe.org\">developer documentation</a>, or begin the <a href=\"http://www.silverstripe.org/learn/lessons\">SilverStripe lessons</a>.</p>', NULL, NULL, 1, 1, 1, 0, 0, NULL, 0),
(24, 1, 16, 0, 0, 1, 1, 0, 'SilverStripe\\Lechon\\HomePage', '2021-04-28 07:58:16', '2021-04-28 05:44:19', 'Inherit', 'Inherit', 'home', 'Home', NULL, '<p>Welcome to SilverStripe! This is the default homepage. You can edit this page by opening <a href=\"admin/\">the CMS</a>.</p><p>You can now access the <a href=\"http://docs.silverstripe.org\">developer documentation</a>, or begin the <a href=\"http://www.silverstripe.org/learn/lessons\">SilverStripe lessons</a>.</p>', NULL, NULL, 1, 1, 1, 0, 0, NULL, 0),
(25, 1, 17, 1, 0, 1, 1, 1, 'SilverStripe\\Lechon\\HomePage', '2021-04-28 07:58:16', '2021-04-28 05:44:19', 'Inherit', 'Inherit', 'home', 'Home', NULL, '<p>Welcome to SilverStripe! This is the default homepage. You can edit this page by opening <a href=\"admin/\">the CMS</a>.</p><p>You can now access the <a href=\"http://docs.silverstripe.org\">developer documentation</a>, or begin the <a href=\"http://www.silverstripe.org/learn/lessons\">SilverStripe lessons</a>.</p>', NULL, NULL, 1, 1, 1, 0, 0, NULL, 0),
(26, 1, 18, 0, 0, 1, 1, 0, 'SilverStripe\\Lechon\\HomePage', '2021-04-28 07:59:14', '2021-04-28 05:44:19', 'Inherit', 'Inherit', 'home', 'Home', NULL, '<p>Welcome to SilverStripe! This is the default homepage. You can edit this page by opening <a href=\"admin/\">the CMS</a>.</p><p>You can now access the <a href=\"http://docs.silverstripe.org\">developer documentation</a>, or begin the <a href=\"http://www.silverstripe.org/learn/lessons\">SilverStripe lessons</a>.</p>', NULL, NULL, 1, 1, 1, 0, 0, NULL, 0),
(27, 1, 19, 1, 0, 1, 1, 1, 'SilverStripe\\Lechon\\HomePage', '2021-04-28 07:59:14', '2021-04-28 05:44:19', 'Inherit', 'Inherit', 'home', 'Home', NULL, '<p>Welcome to SilverStripe! This is the default homepage. You can edit this page by opening <a href=\"admin/\">the CMS</a>.</p><p>You can now access the <a href=\"http://docs.silverstripe.org\">developer documentation</a>, or begin the <a href=\"http://www.silverstripe.org/learn/lessons\">SilverStripe lessons</a>.</p>', NULL, NULL, 1, 1, 1, 0, 0, NULL, 0),
(28, 1, 20, 0, 0, 1, 1, 0, 'SilverStripe\\Lechon\\HomePage', '2021-04-28 08:04:34', '2021-04-28 05:44:19', 'Inherit', 'Inherit', 'home', 'Home', NULL, '<p>Welcome to SilverStripe! This is the default homepage. You can edit this page by opening <a href=\"admin/\">the CMS</a>.</p><p>You can now access the <a href=\"http://docs.silverstripe.org\">developer documentation</a>, or begin the <a href=\"http://www.silverstripe.org/learn/lessons\">SilverStripe lessons</a>.</p>', NULL, NULL, 1, 1, 1, 0, 0, NULL, 0),
(29, 1, 21, 1, 0, 1, 1, 1, 'SilverStripe\\Lechon\\HomePage', '2021-04-28 08:04:34', '2021-04-28 05:44:19', 'Inherit', 'Inherit', 'home', 'Home', NULL, '<p>Welcome to SilverStripe! This is the default homepage. You can edit this page by opening <a href=\"admin/\">the CMS</a>.</p><p>You can now access the <a href=\"http://docs.silverstripe.org\">developer documentation</a>, or begin the <a href=\"http://www.silverstripe.org/learn/lessons\">SilverStripe lessons</a>.</p>', NULL, NULL, 1, 1, 1, 0, 0, NULL, 0),
(30, 1, 22, 0, 0, 1, 1, 0, 'SilverStripe\\Lechon\\HomePage', '2021-04-28 08:10:46', '2021-04-28 05:44:19', 'Inherit', 'Inherit', 'home', 'Home', NULL, '<p>Welcome to SilverStripe! This is the default homepage. You can edit this page by opening <a href=\"admin/\">the CMS</a>.</p><p>You can now access the <a href=\"http://docs.silverstripe.org\">developer documentation</a>, or begin the <a href=\"http://www.silverstripe.org/learn/lessons\">SilverStripe lessons</a>.</p>', NULL, NULL, 1, 1, 1, 0, 0, NULL, 0),
(31, 1, 23, 1, 0, 1, 1, 1, 'SilverStripe\\Lechon\\HomePage', '2021-04-28 08:10:46', '2021-04-28 05:44:19', 'Inherit', 'Inherit', 'home', 'Home', NULL, '<p>Welcome to SilverStripe! This is the default homepage. You can edit this page by opening <a href=\"admin/\">the CMS</a>.</p><p>You can now access the <a href=\"http://docs.silverstripe.org\">developer documentation</a>, or begin the <a href=\"http://www.silverstripe.org/learn/lessons\">SilverStripe lessons</a>.</p>', NULL, NULL, 1, 1, 1, 0, 0, NULL, 0),
(32, 1, 24, 0, 0, 1, 1, 0, 'SilverStripe\\Lechon\\HomePage', '2021-04-28 08:11:11', '2021-04-28 05:44:19', 'Inherit', 'Inherit', 'home', 'Home', NULL, '<p>Welcome to SilverStripe! This is the default homepage. You can edit this page by opening <a href=\"admin/\">the CMS</a>.</p><p>You can now access the <a href=\"http://docs.silverstripe.org\">developer documentation</a>, or begin the <a href=\"http://www.silverstripe.org/learn/lessons\">SilverStripe lessons</a>.</p>', NULL, NULL, 1, 1, 1, 0, 0, NULL, 0),
(33, 1, 25, 1, 0, 1, 1, 1, 'SilverStripe\\Lechon\\HomePage', '2021-04-28 08:11:11', '2021-04-28 05:44:19', 'Inherit', 'Inherit', 'home', 'Home', NULL, '<p>Welcome to SilverStripe! This is the default homepage. You can edit this page by opening <a href=\"admin/\">the CMS</a>.</p><p>You can now access the <a href=\"http://docs.silverstripe.org\">developer documentation</a>, or begin the <a href=\"http://www.silverstripe.org/learn/lessons\">SilverStripe lessons</a>.</p>', NULL, NULL, 1, 1, 1, 0, 0, NULL, 0),
(34, 1, 26, 0, 0, 1, 1, 0, 'SilverStripe\\Lechon\\HomePage', '2021-04-28 08:18:55', '2021-04-28 05:44:19', 'Inherit', 'Inherit', 'home', 'Home', NULL, '<p>Welcome to SilverStripe! This is the default homepage. You can edit this page by opening <a href=\"admin/\">the CMS</a>.</p><p>You can now access the <a href=\"http://docs.silverstripe.org\">developer documentation</a>, or begin the <a href=\"http://www.silverstripe.org/learn/lessons\">SilverStripe lessons</a>.</p>', NULL, NULL, 1, 1, 1, 0, 0, NULL, 0),
(35, 1, 27, 1, 0, 1, 1, 1, 'SilverStripe\\Lechon\\HomePage', '2021-04-28 08:18:55', '2021-04-28 05:44:19', 'Inherit', 'Inherit', 'home', 'Home', NULL, '<p>Welcome to SilverStripe! This is the default homepage. You can edit this page by opening <a href=\"admin/\">the CMS</a>.</p><p>You can now access the <a href=\"http://docs.silverstripe.org\">developer documentation</a>, or begin the <a href=\"http://www.silverstripe.org/learn/lessons\">SilverStripe lessons</a>.</p>', NULL, NULL, 1, 1, 1, 0, 0, NULL, 0),
(36, 1, 28, 0, 0, 1, 1, 0, 'SilverStripe\\Lechon\\HomePage', '2021-04-28 08:19:03', '2021-04-28 05:44:19', 'Inherit', 'Inherit', 'home', 'Home', NULL, '<p>Welcome to SilverStripe! This is the default homepage. You can edit this page by opening <a href=\"admin/\">the CMS</a>.</p><p>You can now access the <a href=\"http://docs.silverstripe.org\">developer documentation</a>, or begin the <a href=\"http://www.silverstripe.org/learn/lessons\">SilverStripe lessons</a>.</p>', NULL, NULL, 1, 1, 1, 0, 0, NULL, 0),
(37, 1, 29, 1, 0, 1, 1, 1, 'SilverStripe\\Lechon\\HomePage', '2021-04-28 08:19:03', '2021-04-28 05:44:19', 'Inherit', 'Inherit', 'home', 'Home', NULL, '<p>Welcome to SilverStripe! This is the default homepage. You can edit this page by opening <a href=\"admin/\">the CMS</a>.</p><p>You can now access the <a href=\"http://docs.silverstripe.org\">developer documentation</a>, or begin the <a href=\"http://www.silverstripe.org/learn/lessons\">SilverStripe lessons</a>.</p>', NULL, NULL, 1, 1, 1, 0, 0, NULL, 0),
(38, 1, 30, 0, 0, 1, 1, 0, 'SilverStripe\\Lechon\\HomePage', '2021-04-28 08:19:06', '2021-04-28 05:44:19', 'Inherit', 'Inherit', 'home', 'Home', NULL, '<p>Welcome to SilverStripe! This is the default homepage. You can edit this page by opening <a href=\"admin/\">the CMS</a>.</p><p>You can now access the <a href=\"http://docs.silverstripe.org\">developer documentation</a>, or begin the <a href=\"http://www.silverstripe.org/learn/lessons\">SilverStripe lessons</a>.</p>', NULL, NULL, 1, 1, 1, 0, 0, NULL, 0),
(39, 1, 31, 1, 0, 1, 1, 1, 'SilverStripe\\Lechon\\HomePage', '2021-04-28 08:19:06', '2021-04-28 05:44:19', 'Inherit', 'Inherit', 'home', 'Home', NULL, '<p>Welcome to SilverStripe! This is the default homepage. You can edit this page by opening <a href=\"admin/\">the CMS</a>.</p><p>You can now access the <a href=\"http://docs.silverstripe.org\">developer documentation</a>, or begin the <a href=\"http://www.silverstripe.org/learn/lessons\">SilverStripe lessons</a>.</p>', NULL, NULL, 1, 1, 1, 0, 0, NULL, 0),
(40, 1, 32, 0, 0, 1, 1, 0, 'SilverStripe\\Lechon\\HomePage', '2021-04-28 08:20:10', '2021-04-28 05:44:19', 'Inherit', 'Inherit', 'home', 'Home', NULL, '<p>Welcome to SilverStripe! This is the default homepage. You can edit this page by opening <a href=\"admin/\">the CMS</a>.</p><p>You can now access the <a href=\"http://docs.silverstripe.org\">developer documentation</a>, or begin the <a href=\"http://www.silverstripe.org/learn/lessons\">SilverStripe lessons</a>.</p>', NULL, NULL, 1, 1, 1, 0, 0, NULL, 0),
(41, 1, 33, 1, 0, 1, 1, 1, 'SilverStripe\\Lechon\\HomePage', '2021-04-28 08:20:10', '2021-04-28 05:44:19', 'Inherit', 'Inherit', 'home', 'Home', NULL, '<p>Welcome to SilverStripe! This is the default homepage. You can edit this page by opening <a href=\"admin/\">the CMS</a>.</p><p>You can now access the <a href=\"http://docs.silverstripe.org\">developer documentation</a>, or begin the <a href=\"http://www.silverstripe.org/learn/lessons\">SilverStripe lessons</a>.</p>', NULL, NULL, 1, 1, 1, 0, 0, NULL, 0),
(42, 1, 34, 0, 0, 1, 1, 0, 'SilverStripe\\Lechon\\HomePage', '2021-04-28 08:20:18', '2021-04-28 05:44:19', 'Inherit', 'Inherit', 'home', 'Home', NULL, '<p>Welcome to SilverStripe! This is the default homepage. You can edit this page by opening <a href=\"admin/\">the CMS</a>.</p><p>You can now access the <a href=\"http://docs.silverstripe.org\">developer documentation</a>, or begin the <a href=\"http://www.silverstripe.org/learn/lessons\">SilverStripe lessons</a>.</p>', NULL, NULL, 1, 1, 1, 0, 0, NULL, 0),
(43, 1, 35, 1, 0, 1, 1, 1, 'SilverStripe\\Lechon\\HomePage', '2021-04-28 08:20:18', '2021-04-28 05:44:19', 'Inherit', 'Inherit', 'home', 'Home', NULL, '<p>Welcome to SilverStripe! This is the default homepage. You can edit this page by opening <a href=\"admin/\">the CMS</a>.</p><p>You can now access the <a href=\"http://docs.silverstripe.org\">developer documentation</a>, or begin the <a href=\"http://www.silverstripe.org/learn/lessons\">SilverStripe lessons</a>.</p>', NULL, NULL, 1, 1, 1, 0, 0, NULL, 0),
(44, 6, 1, 0, 0, 1, 1, 0, 'SilverStripe\\Port\\CartPage', '2021-04-30 05:31:14', '2021-04-30 05:31:14', 'Inherit', 'Inherit', 'new-cart-page', 'New Cart Page', NULL, NULL, NULL, NULL, 1, 1, 6, 0, 0, NULL, 0),
(45, 6, 2, 0, 0, 1, 1, 0, 'SilverStripe\\Port\\CartPage', '2021-04-30 05:31:26', '2021-04-30 05:31:14', 'Inherit', 'Inherit', 'cart', 'Cart', NULL, NULL, NULL, NULL, 1, 1, 6, 0, 0, NULL, 0),
(46, 6, 3, 1, 0, 1, 1, 1, 'SilverStripe\\Port\\CartPage', '2021-04-30 05:31:27', '2021-04-30 05:31:14', 'Inherit', 'Inherit', 'cart', 'Cart', NULL, NULL, NULL, NULL, 1, 1, 6, 0, 0, NULL, 0),
(47, 6, 4, 0, 0, 1, 1, 0, 'SilverStripe\\Lechon\\CartPage', '2021-04-30 05:39:28', '2021-04-30 05:31:14', 'Inherit', 'Inherit', 'cart', 'Cart', NULL, NULL, NULL, NULL, 1, 1, 6, 0, 0, NULL, 0),
(48, 6, 5, 1, 0, 1, 1, 1, 'SilverStripe\\Lechon\\CartPage', '2021-04-30 05:39:29', '2021-04-30 05:31:14', 'Inherit', 'Inherit', 'cart', 'Cart', NULL, NULL, NULL, NULL, 1, 1, 6, 0, 0, NULL, 0),
(49, 6, 6, 0, 0, 1, 1, 0, 'SilverStripe\\Lechon\\MycartPage', '2021-04-30 05:50:19', '2021-04-30 05:31:14', 'Inherit', 'Inherit', 'cart', 'Cart', NULL, NULL, NULL, NULL, 1, 1, 6, 0, 0, NULL, 0),
(50, 6, 7, 1, 0, 1, 1, 1, 'SilverStripe\\Lechon\\MycartPage', '2021-04-30 05:50:19', '2021-04-30 05:31:14', 'Inherit', 'Inherit', 'cart', 'Cart', NULL, NULL, NULL, NULL, 1, 1, 6, 0, 0, NULL, 0),
(51, 7, 1, 0, 0, 1, 1, 0, 'SilverStripe\\Lechon\\CheckoutPage', '2021-05-04 06:58:00', '2021-05-04 06:58:00', 'Inherit', 'Inherit', 'new-checkout-page', 'New Checkout Page', NULL, NULL, NULL, NULL, 1, 1, 7, 0, 0, NULL, 0),
(52, 7, 2, 0, 0, 1, 1, 0, 'SilverStripe\\Lechon\\CheckoutPage', '2021-05-04 06:58:11', '2021-05-04 06:58:00', 'Inherit', 'Inherit', 'checkout', 'Checkout', NULL, NULL, NULL, NULL, 1, 1, 7, 0, 0, NULL, 0),
(53, 7, 3, 1, 0, 1, 1, 1, 'SilverStripe\\Lechon\\CheckoutPage', '2021-05-04 06:58:11', '2021-05-04 06:58:00', 'Inherit', 'Inherit', 'checkout', 'Checkout', NULL, NULL, NULL, NULL, 1, 1, 7, 0, 0, NULL, 0),
(54, 8, 1, 0, 0, 1, 1, 0, 'Page', '2021-05-05 06:46:02', '2021-05-05 06:46:02', 'Inherit', 'Inherit', 'new-page', 'New Page', NULL, NULL, NULL, NULL, 1, 1, 8, 0, 0, NULL, 0),
(55, 8, 2, 0, 0, 1, 1, 0, 'Page', '2021-05-05 06:46:17', '2021-05-05 06:46:02', 'Inherit', 'Inherit', 'success', 'Success', NULL, '<p>Thank you for your order....</p>', NULL, NULL, 1, 1, 8, 0, 0, NULL, 0),
(56, 8, 3, 1, 0, 1, 1, 1, 'Page', '2021-05-05 06:46:19', '2021-05-05 06:46:02', 'Inherit', 'Inherit', 'success', 'Success', NULL, '<p>Thank you for your order....</p>', NULL, NULL, 1, 1, 8, 0, 0, NULL, 0),
(57, 9, 1, 0, 0, 1, 1, 0, 'SilverStripe\\Lechon\\BlogHolder', '2021-05-05 07:07:05', '2021-05-05 07:07:05', 'Inherit', 'Inherit', 'new-blog-holder', 'New Blog Holder', NULL, NULL, NULL, NULL, 1, 1, 9, 0, 0, NULL, 0),
(58, 9, 2, 0, 0, 1, 1, 0, 'SilverStripe\\Lechon\\BlogHolder', '2021-05-05 07:07:20', '2021-05-05 07:07:05', 'Inherit', 'Inherit', 'blog', 'Blog', NULL, NULL, NULL, NULL, 1, 1, 9, 0, 0, NULL, 0),
(59, 9, 3, 1, 0, 1, 1, 1, 'SilverStripe\\Lechon\\BlogHolder', '2021-05-05 07:07:20', '2021-05-05 07:07:05', 'Inherit', 'Inherit', 'blog', 'Blog', NULL, NULL, NULL, NULL, 1, 1, 9, 0, 0, NULL, 0),
(60, 10, 1, 0, 0, 1, 1, 0, 'SilverStripe\\Lechon\\BlogPage', '2021-05-05 07:08:57', '2021-05-05 07:08:57', 'Inherit', 'Inherit', 'new-blog-page', 'New Blog Page', NULL, NULL, NULL, NULL, 1, 1, 1, 0, 0, NULL, 9),
(61, 10, 2, 0, 0, 1, 1, 0, 'SilverStripe\\Lechon\\BlogPage', '2021-05-05 07:11:02', '2021-05-05 07:08:57', 'Inherit', 'Inherit', 'first-blog', 'First Blog', NULL, '<p><span>Fairly short and simple. We define an array to hold errors and set&nbsp;</span>null<span>&nbsp;values for the three form fields. The&nbsp;</span>checkForm<span>&nbsp;logic (which is run on submit remember) checks for name and age only as movie is optional. If they are empty we check each and set a specific error for each. And that’s really it. You can run the demo below. Don’t forget that on a successful submission it’s going to POST to a temporary URL.</span></p><p><span>Fairly short and simple. We define an array to hold errors and set&nbsp;null&nbsp;values for the three form fields. The&nbsp;checkForm&nbsp;logic (which is run on submit remember) checks for name and age only as movie is optional. If they are empty we check each and set a specific error for each. And that’s really it. You can run the demo below. Don’t forget that on a successful submission it’s going to POST to a temporary URL.</span></p>', NULL, NULL, 1, 1, 1, 0, 0, NULL, 9),
(62, 10, 3, 1, 0, 1, 1, 1, 'SilverStripe\\Lechon\\BlogPage', '2021-05-05 07:11:02', '2021-05-05 07:08:57', 'Inherit', 'Inherit', 'first-blog', 'First Blog', NULL, '<p><span>Fairly short and simple. We define an array to hold errors and set&nbsp;</span>null<span>&nbsp;values for the three form fields. The&nbsp;</span>checkForm<span>&nbsp;logic (which is run on submit remember) checks for name and age only as movie is optional. If they are empty we check each and set a specific error for each. And that’s really it. You can run the demo below. Don’t forget that on a successful submission it’s going to POST to a temporary URL.</span></p><p><span>Fairly short and simple. We define an array to hold errors and set&nbsp;null&nbsp;values for the three form fields. The&nbsp;checkForm&nbsp;logic (which is run on submit remember) checks for name and age only as movie is optional. If they are empty we check each and set a specific error for each. And that’s really it. You can run the demo below. Don’t forget that on a successful submission it’s going to POST to a temporary URL.</span></p>', NULL, NULL, 1, 1, 1, 0, 0, NULL, 9),
(63, 11, 1, 0, 0, 1, 1, 0, 'SilverStripe\\Lechon\\BlogPage', '2021-05-05 07:17:26', '2021-05-05 07:17:26', 'Inherit', 'Inherit', 'new-blog-page', 'New Blog Page', NULL, NULL, NULL, NULL, 1, 1, 2, 0, 0, NULL, 9),
(64, 11, 2, 0, 0, 1, 1, 0, 'SilverStripe\\Lechon\\BlogPage', '2021-05-05 07:19:27', '2021-05-05 07:17:26', 'Inherit', 'Inherit', 'second-blog', 'Second Blog', NULL, '<p>which will be validated with a bit of custom logic. The code is taken from the StackOverflow question, How to validate email address in JavaScript?. This is an awesome question becausewhich will be validated with a bit of custom logic. The code is taken from the StackOverflow question, How to validate email address in JavaScript?. This is an awesome question because</p><p>&nbsp;</p><p>which will be validated with a bit of custom logic. The code is taken from the StackOverflow question, How to validate email address in JavaScript?. This is an awesome question because</p><p>&nbsp;</p>[embed url=\"https://www.youtube.com/watch?v=TxqK07z1cI0\" thumbnail=\"https://i.ytimg.com/vi/TxqK07z1cI0/hqdefault.jpg\" class=\"center ss-htmleditorfield-file embed\" width=\"633\" height=\"475\"]https://www.youtube.com/watch?v=TxqK07z1cI0[/embed]', NULL, NULL, 1, 1, 2, 0, 0, NULL, 9),
(65, 11, 3, 1, 0, 1, 1, 1, 'SilverStripe\\Lechon\\BlogPage', '2021-05-05 07:19:27', '2021-05-05 07:17:26', 'Inherit', 'Inherit', 'second-blog', 'Second Blog', NULL, '<p>which will be validated with a bit of custom logic. The code is taken from the StackOverflow question, How to validate email address in JavaScript?. This is an awesome question becausewhich will be validated with a bit of custom logic. The code is taken from the StackOverflow question, How to validate email address in JavaScript?. This is an awesome question because</p><p>&nbsp;</p><p>which will be validated with a bit of custom logic. The code is taken from the StackOverflow question, How to validate email address in JavaScript?. This is an awesome question because</p><p>&nbsp;</p>[embed url=\"https://www.youtube.com/watch?v=TxqK07z1cI0\" thumbnail=\"https://i.ytimg.com/vi/TxqK07z1cI0/hqdefault.jpg\" class=\"center ss-htmleditorfield-file embed\" width=\"633\" height=\"475\"]https://www.youtube.com/watch?v=TxqK07z1cI0[/embed]', NULL, NULL, 1, 1, 2, 0, 0, NULL, 9),
(66, 8, 4, 0, 0, 1, 1, 0, 'Page', '2021-05-08 22:08:35', '2021-05-05 06:46:02', 'Inherit', 'Inherit', 'success', 'Success', NULL, '<p class=\"text-center\">&nbsp;</p><h3 class=\"text-center\">Thank you for your order....</h3>', NULL, NULL, 1, 1, 8, 0, 0, NULL, 0),
(67, 8, 5, 1, 0, 1, 1, 1, 'Page', '2021-05-08 22:08:35', '2021-05-05 06:46:02', 'Inherit', 'Inherit', 'success', 'Success', NULL, '<p class=\"text-center\">&nbsp;</p><h3 class=\"text-center\">Thank you for your order....</h3>', NULL, NULL, 1, 1, 8, 0, 0, NULL, 0);

-- --------------------------------------------------------

--
-- Table structure for table `sitetree_viewergroups`
--

CREATE TABLE `sitetree_viewergroups` (
  `ID` int(11) NOT NULL,
  `SiteTreeID` int(11) NOT NULL DEFAULT 0,
  `GroupID` int(11) NOT NULL DEFAULT 0
) ENGINE=InnoDB DEFAULT CHARSET=utf8mb4;

-- --------------------------------------------------------

--
-- Table structure for table `virtualpage`
--

CREATE TABLE `virtualpage` (
  `ID` int(11) NOT NULL,
  `VersionID` int(11) NOT NULL DEFAULT 0,
  `CopyContentFromID` int(11) NOT NULL DEFAULT 0
) ENGINE=InnoDB DEFAULT CHARSET=utf8mb4;

--
-- Dumping data for table `virtualpage`
--

INSERT INTO `virtualpage` (`ID`, `VersionID`, `CopyContentFromID`) VALUES
(1, 0, 0);

-- --------------------------------------------------------

--
-- Table structure for table `virtualpage_live`
--

CREATE TABLE `virtualpage_live` (
  `ID` int(11) NOT NULL,
  `VersionID` int(11) NOT NULL DEFAULT 0,
  `CopyContentFromID` int(11) NOT NULL DEFAULT 0
) ENGINE=InnoDB DEFAULT CHARSET=utf8mb4;

--
-- Dumping data for table `virtualpage_live`
--

INSERT INTO `virtualpage_live` (`ID`, `VersionID`, `CopyContentFromID`) VALUES
(1, 0, 0);

-- --------------------------------------------------------

--
-- Table structure for table `virtualpage_versions`
--

CREATE TABLE `virtualpage_versions` (
  `ID` int(11) NOT NULL,
  `RecordID` int(11) NOT NULL DEFAULT 0,
  `Version` int(11) NOT NULL DEFAULT 0,
  `VersionID` int(11) NOT NULL DEFAULT 0,
  `CopyContentFromID` int(11) NOT NULL DEFAULT 0
) ENGINE=InnoDB DEFAULT CHARSET=utf8mb4;

--
-- Dumping data for table `virtualpage_versions`
--

INSERT INTO `virtualpage_versions` (`ID`, `RecordID`, `Version`, `VersionID`, `CopyContentFromID`) VALUES
(1, 1, 4, 0, 0),
(2, 1, 5, 0, 0);

--
-- Indexes for dumped tables
--

--
-- Indexes for table `blogpage`
--
ALTER TABLE `blogpage`
  ADD PRIMARY KEY (`ID`),
  ADD KEY `PrimaryPhotoID` (`PrimaryPhotoID`);

--
-- Indexes for table `blogpage_live`
--
ALTER TABLE `blogpage_live`
  ADD PRIMARY KEY (`ID`),
  ADD KEY `PrimaryPhotoID` (`PrimaryPhotoID`);

--
-- Indexes for table `blogpage_versions`
--
ALTER TABLE `blogpage_versions`
  ADD PRIMARY KEY (`ID`),
  ADD UNIQUE KEY `RecordID_Version` (`RecordID`,`Version`),
  ADD KEY `RecordID` (`RecordID`),
  ADD KEY `Version` (`Version`),
  ADD KEY `PrimaryPhotoID` (`PrimaryPhotoID`);

--
-- Indexes for table `changeset`
--
ALTER TABLE `changeset`
  ADD PRIMARY KEY (`ID`),
  ADD KEY `State` (`State`),
  ADD KEY `ID` (`ID`),
  ADD KEY `ClassName` (`ClassName`),
  ADD KEY `OwnerID` (`OwnerID`),
  ADD KEY `PublisherID` (`PublisherID`);

--
-- Indexes for table `changesetitem`
--
ALTER TABLE `changesetitem`
  ADD PRIMARY KEY (`ID`),
  ADD UNIQUE KEY `ObjectUniquePerChangeSet` (`ObjectID`,`ObjectClass`,`ChangeSetID`),
  ADD KEY `ClassName` (`ClassName`),
  ADD KEY `ChangeSetID` (`ChangeSetID`),
  ADD KEY `Object` (`ObjectID`,`ObjectClass`);

--
-- Indexes for table `changesetitem_referencedby`
--
ALTER TABLE `changesetitem_referencedby`
  ADD PRIMARY KEY (`ID`),
  ADD KEY `ChangeSetItemID` (`ChangeSetItemID`),
  ADD KEY `ChildID` (`ChildID`);

--
-- Indexes for table `errorpage`
--
ALTER TABLE `errorpage`
  ADD PRIMARY KEY (`ID`);

--
-- Indexes for table `errorpage_live`
--
ALTER TABLE `errorpage_live`
  ADD PRIMARY KEY (`ID`);

--
-- Indexes for table `errorpage_versions`
--
ALTER TABLE `errorpage_versions`
  ADD PRIMARY KEY (`ID`),
  ADD UNIQUE KEY `RecordID_Version` (`RecordID`,`Version`),
  ADD KEY `RecordID` (`RecordID`),
  ADD KEY `Version` (`Version`);

--
-- Indexes for table `faqdata`
--
ALTER TABLE `faqdata`
  ADD PRIMARY KEY (`ID`),
  ADD KEY `ClassName` (`ClassName`);

--
-- Indexes for table `file`
--
ALTER TABLE `file`
  ADD PRIMARY KEY (`ID`),
  ADD KEY `Name` (`Name`),
  ADD KEY `ClassName` (`ClassName`),
  ADD KEY `ParentID` (`ParentID`),
  ADD KEY `OwnerID` (`OwnerID`),
  ADD KEY `FileHash` (`FileHash`);

--
-- Indexes for table `filelink`
--
ALTER TABLE `filelink`
  ADD PRIMARY KEY (`ID`),
  ADD KEY `ClassName` (`ClassName`),
  ADD KEY `LinkedID` (`LinkedID`),
  ADD KEY `Parent` (`ParentID`,`ParentClass`);

--
-- Indexes for table `file_editorgroups`
--
ALTER TABLE `file_editorgroups`
  ADD PRIMARY KEY (`ID`),
  ADD KEY `FileID` (`FileID`),
  ADD KEY `GroupID` (`GroupID`);

--
-- Indexes for table `file_live`
--
ALTER TABLE `file_live`
  ADD PRIMARY KEY (`ID`),
  ADD KEY `Name` (`Name`),
  ADD KEY `ClassName` (`ClassName`),
  ADD KEY `ParentID` (`ParentID`),
  ADD KEY `OwnerID` (`OwnerID`),
  ADD KEY `FileHash` (`FileHash`);

--
-- Indexes for table `file_versions`
--
ALTER TABLE `file_versions`
  ADD PRIMARY KEY (`ID`),
  ADD KEY `RecordID_Version` (`RecordID`,`Version`),
  ADD KEY `RecordID` (`RecordID`),
  ADD KEY `Version` (`Version`),
  ADD KEY `AuthorID` (`AuthorID`),
  ADD KEY `PublisherID` (`PublisherID`),
  ADD KEY `Name` (`Name`),
  ADD KEY `ClassName` (`ClassName`),
  ADD KEY `ParentID` (`ParentID`),
  ADD KEY `OwnerID` (`OwnerID`),
  ADD KEY `FileHash` (`FileHash`);

--
-- Indexes for table `file_viewergroups`
--
ALTER TABLE `file_viewergroups`
  ADD PRIMARY KEY (`ID`),
  ADD KEY `FileID` (`FileID`),
  ADD KEY `GroupID` (`GroupID`);

--
-- Indexes for table `group`
--
ALTER TABLE `group`
  ADD PRIMARY KEY (`ID`),
  ADD KEY `ClassName` (`ClassName`),
  ADD KEY `ParentID` (`ParentID`);

--
-- Indexes for table `group_members`
--
ALTER TABLE `group_members`
  ADD PRIMARY KEY (`ID`),
  ADD KEY `GroupID` (`GroupID`),
  ADD KEY `MemberID` (`MemberID`);

--
-- Indexes for table `group_roles`
--
ALTER TABLE `group_roles`
  ADD PRIMARY KEY (`ID`),
  ADD KEY `GroupID` (`GroupID`),
  ADD KEY `PermissionRoleID` (`PermissionRoleID`);

--
-- Indexes for table `homepage`
--
ALTER TABLE `homepage`
  ADD PRIMARY KEY (`ID`),
  ADD KEY `PhotoID` (`PhotoID`);

--
-- Indexes for table `homepage_live`
--
ALTER TABLE `homepage_live`
  ADD PRIMARY KEY (`ID`),
  ADD KEY `PhotoID` (`PhotoID`);

--
-- Indexes for table `homepage_versions`
--
ALTER TABLE `homepage_versions`
  ADD PRIMARY KEY (`ID`),
  ADD UNIQUE KEY `RecordID_Version` (`RecordID`,`Version`),
  ADD KEY `RecordID` (`RecordID`),
  ADD KEY `Version` (`Version`),
  ADD KEY `PhotoID` (`PhotoID`);

--
-- Indexes for table `loginattempt`
--
ALTER TABLE `loginattempt`
  ADD PRIMARY KEY (`ID`),
  ADD KEY `ClassName` (`ClassName`),
  ADD KEY `MemberID` (`MemberID`),
  ADD KEY `EmailHashed` (`EmailHashed`);

--
-- Indexes for table `member`
--
ALTER TABLE `member`
  ADD PRIMARY KEY (`ID`),
  ADD KEY `Surname` (`Surname`),
  ADD KEY `FirstName` (`FirstName`),
  ADD KEY `ClassName` (`ClassName`),
  ADD KEY `Email` (`Email`);

--
-- Indexes for table `memberpassword`
--
ALTER TABLE `memberpassword`
  ADD PRIMARY KEY (`ID`),
  ADD KEY `ClassName` (`ClassName`),
  ADD KEY `MemberID` (`MemberID`);

--
-- Indexes for table `orderdata`
--
ALTER TABLE `orderdata`
  ADD PRIMARY KEY (`ID`),
  ADD KEY `ClassName` (`ClassName`);

--
-- Indexes for table `permission`
--
ALTER TABLE `permission`
  ADD PRIMARY KEY (`ID`),
  ADD KEY `ClassName` (`ClassName`),
  ADD KEY `GroupID` (`GroupID`),
  ADD KEY `Code` (`Code`);

--
-- Indexes for table `permissionrole`
--
ALTER TABLE `permissionrole`
  ADD PRIMARY KEY (`ID`),
  ADD KEY `Title` (`Title`),
  ADD KEY `ClassName` (`ClassName`);

--
-- Indexes for table `permissionrolecode`
--
ALTER TABLE `permissionrolecode`
  ADD PRIMARY KEY (`ID`),
  ADD KEY `ClassName` (`ClassName`),
  ADD KEY `RoleID` (`RoleID`);

--
-- Indexes for table `product`
--
ALTER TABLE `product`
  ADD PRIMARY KEY (`ID`),
  ADD KEY `ClassName` (`ClassName`),
  ADD KEY `PrimaryPhotoID` (`PrimaryPhotoID`);

--
-- Indexes for table `producttype`
--
ALTER TABLE `producttype`
  ADD PRIMARY KEY (`ID`),
  ADD KEY `ClassName` (`ClassName`),
  ADD KEY `PrimaryPhotoID` (`PrimaryPhotoID`);

--
-- Indexes for table `redirectorpage`
--
ALTER TABLE `redirectorpage`
  ADD PRIMARY KEY (`ID`),
  ADD KEY `LinkToID` (`LinkToID`);

--
-- Indexes for table `redirectorpage_live`
--
ALTER TABLE `redirectorpage_live`
  ADD PRIMARY KEY (`ID`),
  ADD KEY `LinkToID` (`LinkToID`);

--
-- Indexes for table `redirectorpage_versions`
--
ALTER TABLE `redirectorpage_versions`
  ADD PRIMARY KEY (`ID`),
  ADD UNIQUE KEY `RecordID_Version` (`RecordID`,`Version`),
  ADD KEY `RecordID` (`RecordID`),
  ADD KEY `Version` (`Version`),
  ADD KEY `LinkToID` (`LinkToID`);

--
-- Indexes for table `rememberloginhash`
--
ALTER TABLE `rememberloginhash`
  ADD PRIMARY KEY (`ID`),
  ADD KEY `ClassName` (`ClassName`),
  ADD KEY `MemberID` (`MemberID`),
  ADD KEY `DeviceID` (`DeviceID`),
  ADD KEY `Hash` (`Hash`);

--
-- Indexes for table `silverstripe_lechon_homepage`
--
ALTER TABLE `silverstripe_lechon_homepage`
  ADD PRIMARY KEY (`ID`),
  ADD KEY `PhotoID` (`PhotoID`);

--
-- Indexes for table `silverstripe_lechon_homepage_live`
--
ALTER TABLE `silverstripe_lechon_homepage_live`
  ADD PRIMARY KEY (`ID`),
  ADD KEY `PhotoID` (`PhotoID`);

--
-- Indexes for table `silverstripe_lechon_homepage_versions`
--
ALTER TABLE `silverstripe_lechon_homepage_versions`
  ADD PRIMARY KEY (`ID`),
  ADD UNIQUE KEY `RecordID_Version` (`RecordID`,`Version`),
  ADD KEY `RecordID` (`RecordID`),
  ADD KEY `Version` (`Version`),
  ADD KEY `PhotoID` (`PhotoID`);

--
-- Indexes for table `siteconfig`
--
ALTER TABLE `siteconfig`
  ADD PRIMARY KEY (`ID`),
  ADD KEY `ClassName` (`ClassName`);

--
-- Indexes for table `siteconfig_createtoplevelgroups`
--
ALTER TABLE `siteconfig_createtoplevelgroups`
  ADD PRIMARY KEY (`ID`),
  ADD KEY `SiteConfigID` (`SiteConfigID`),
  ADD KEY `GroupID` (`GroupID`);

--
-- Indexes for table `siteconfig_editorgroups`
--
ALTER TABLE `siteconfig_editorgroups`
  ADD PRIMARY KEY (`ID`),
  ADD KEY `SiteConfigID` (`SiteConfigID`),
  ADD KEY `GroupID` (`GroupID`);

--
-- Indexes for table `siteconfig_viewergroups`
--
ALTER TABLE `siteconfig_viewergroups`
  ADD PRIMARY KEY (`ID`),
  ADD KEY `SiteConfigID` (`SiteConfigID`),
  ADD KEY `GroupID` (`GroupID`);

--
-- Indexes for table `sitetree`
--
ALTER TABLE `sitetree`
  ADD PRIMARY KEY (`ID`),
  ADD KEY `Sort` (`Sort`),
  ADD KEY `ClassName` (`ClassName`),
  ADD KEY `ParentID` (`ParentID`),
  ADD KEY `URLSegment` (`URLSegment`);

--
-- Indexes for table `sitetreelink`
--
ALTER TABLE `sitetreelink`
  ADD PRIMARY KEY (`ID`),
  ADD KEY `ClassName` (`ClassName`),
  ADD KEY `LinkedID` (`LinkedID`),
  ADD KEY `Parent` (`ParentID`,`ParentClass`);

--
-- Indexes for table `sitetree_editorgroups`
--
ALTER TABLE `sitetree_editorgroups`
  ADD PRIMARY KEY (`ID`),
  ADD KEY `SiteTreeID` (`SiteTreeID`),
  ADD KEY `GroupID` (`GroupID`);

--
-- Indexes for table `sitetree_live`
--
ALTER TABLE `sitetree_live`
  ADD PRIMARY KEY (`ID`),
  ADD KEY `Sort` (`Sort`),
  ADD KEY `ClassName` (`ClassName`),
  ADD KEY `ParentID` (`ParentID`),
  ADD KEY `URLSegment` (`URLSegment`);

--
-- Indexes for table `sitetree_versions`
--
ALTER TABLE `sitetree_versions`
  ADD PRIMARY KEY (`ID`),
  ADD KEY `RecordID_Version` (`RecordID`,`Version`),
  ADD KEY `RecordID` (`RecordID`),
  ADD KEY `Version` (`Version`),
  ADD KEY `AuthorID` (`AuthorID`),
  ADD KEY `PublisherID` (`PublisherID`),
  ADD KEY `Sort` (`Sort`),
  ADD KEY `ClassName` (`ClassName`),
  ADD KEY `ParentID` (`ParentID`),
  ADD KEY `URLSegment` (`URLSegment`);

--
-- Indexes for table `sitetree_viewergroups`
--
ALTER TABLE `sitetree_viewergroups`
  ADD PRIMARY KEY (`ID`),
  ADD KEY `SiteTreeID` (`SiteTreeID`),
  ADD KEY `GroupID` (`GroupID`);

--
-- Indexes for table `virtualpage`
--
ALTER TABLE `virtualpage`
  ADD PRIMARY KEY (`ID`),
  ADD KEY `CopyContentFromID` (`CopyContentFromID`);

--
-- Indexes for table `virtualpage_live`
--
ALTER TABLE `virtualpage_live`
  ADD PRIMARY KEY (`ID`),
  ADD KEY `CopyContentFromID` (`CopyContentFromID`);

--
-- Indexes for table `virtualpage_versions`
--
ALTER TABLE `virtualpage_versions`
  ADD PRIMARY KEY (`ID`),
  ADD UNIQUE KEY `RecordID_Version` (`RecordID`,`Version`),
  ADD KEY `RecordID` (`RecordID`),
  ADD KEY `Version` (`Version`),
  ADD KEY `CopyContentFromID` (`CopyContentFromID`);

--
-- AUTO_INCREMENT for dumped tables
--

--
-- AUTO_INCREMENT for table `blogpage`
--
ALTER TABLE `blogpage`
  MODIFY `ID` int(11) NOT NULL AUTO_INCREMENT, AUTO_INCREMENT=12;

--
-- AUTO_INCREMENT for table `blogpage_live`
--
ALTER TABLE `blogpage_live`
  MODIFY `ID` int(11) NOT NULL AUTO_INCREMENT, AUTO_INCREMENT=12;

--
-- AUTO_INCREMENT for table `blogpage_versions`
--
ALTER TABLE `blogpage_versions`
  MODIFY `ID` int(11) NOT NULL AUTO_INCREMENT, AUTO_INCREMENT=7;

--
-- AUTO_INCREMENT for table `changeset`
--
ALTER TABLE `changeset`
  MODIFY `ID` int(11) NOT NULL AUTO_INCREMENT, AUTO_INCREMENT=57;

--
-- AUTO_INCREMENT for table `changesetitem`
--
ALTER TABLE `changesetitem`
  MODIFY `ID` int(11) NOT NULL AUTO_INCREMENT, AUTO_INCREMENT=78;

--
-- AUTO_INCREMENT for table `changesetitem_referencedby`
--
ALTER TABLE `changesetitem_referencedby`
  MODIFY `ID` int(11) NOT NULL AUTO_INCREMENT, AUTO_INCREMENT=22;

--
-- AUTO_INCREMENT for table `errorpage`
--
ALTER TABLE `errorpage`
  MODIFY `ID` int(11) NOT NULL AUTO_INCREMENT, AUTO_INCREMENT=6;

--
-- AUTO_INCREMENT for table `errorpage_live`
--
ALTER TABLE `errorpage_live`
  MODIFY `ID` int(11) NOT NULL AUTO_INCREMENT, AUTO_INCREMENT=6;

--
-- AUTO_INCREMENT for table `errorpage_versions`
--
ALTER TABLE `errorpage_versions`
  MODIFY `ID` int(11) NOT NULL AUTO_INCREMENT, AUTO_INCREMENT=5;

--
-- AUTO_INCREMENT for table `faqdata`
--
ALTER TABLE `faqdata`
  MODIFY `ID` int(11) NOT NULL AUTO_INCREMENT, AUTO_INCREMENT=4;

--
-- AUTO_INCREMENT for table `file`
--
ALTER TABLE `file`
  MODIFY `ID` int(11) NOT NULL AUTO_INCREMENT, AUTO_INCREMENT=11;

--
-- AUTO_INCREMENT for table `filelink`
--
ALTER TABLE `filelink`
  MODIFY `ID` int(11) NOT NULL AUTO_INCREMENT;

--
-- AUTO_INCREMENT for table `file_editorgroups`
--
ALTER TABLE `file_editorgroups`
  MODIFY `ID` int(11) NOT NULL AUTO_INCREMENT;

--
-- AUTO_INCREMENT for table `file_live`
--
ALTER TABLE `file_live`
  MODIFY `ID` int(11) NOT NULL AUTO_INCREMENT, AUTO_INCREMENT=11;

--
-- AUTO_INCREMENT for table `file_versions`
--
ALTER TABLE `file_versions`
  MODIFY `ID` int(11) NOT NULL AUTO_INCREMENT, AUTO_INCREMENT=21;

--
-- AUTO_INCREMENT for table `file_viewergroups`
--
ALTER TABLE `file_viewergroups`
  MODIFY `ID` int(11) NOT NULL AUTO_INCREMENT;

--
-- AUTO_INCREMENT for table `group`
--
ALTER TABLE `group`
  MODIFY `ID` int(11) NOT NULL AUTO_INCREMENT, AUTO_INCREMENT=3;

--
-- AUTO_INCREMENT for table `group_members`
--
ALTER TABLE `group_members`
  MODIFY `ID` int(11) NOT NULL AUTO_INCREMENT, AUTO_INCREMENT=2;

--
-- AUTO_INCREMENT for table `group_roles`
--
ALTER TABLE `group_roles`
  MODIFY `ID` int(11) NOT NULL AUTO_INCREMENT;

--
-- AUTO_INCREMENT for table `homepage`
--
ALTER TABLE `homepage`
  MODIFY `ID` int(11) NOT NULL AUTO_INCREMENT, AUTO_INCREMENT=2;

--
-- AUTO_INCREMENT for table `homepage_live`
--
ALTER TABLE `homepage_live`
  MODIFY `ID` int(11) NOT NULL AUTO_INCREMENT, AUTO_INCREMENT=2;

--
-- AUTO_INCREMENT for table `homepage_versions`
--
ALTER TABLE `homepage_versions`
  MODIFY `ID` int(11) NOT NULL AUTO_INCREMENT, AUTO_INCREMENT=29;

--
-- AUTO_INCREMENT for table `loginattempt`
--
ALTER TABLE `loginattempt`
  MODIFY `ID` int(11) NOT NULL AUTO_INCREMENT, AUTO_INCREMENT=11;

--
-- AUTO_INCREMENT for table `member`
--
ALTER TABLE `member`
  MODIFY `ID` int(11) NOT NULL AUTO_INCREMENT, AUTO_INCREMENT=2;

--
-- AUTO_INCREMENT for table `memberpassword`
--
ALTER TABLE `memberpassword`
  MODIFY `ID` int(11) NOT NULL AUTO_INCREMENT, AUTO_INCREMENT=2;

--
-- AUTO_INCREMENT for table `orderdata`
--
ALTER TABLE `orderdata`
  MODIFY `ID` int(11) NOT NULL AUTO_INCREMENT, AUTO_INCREMENT=17;

--
-- AUTO_INCREMENT for table `permission`
--
ALTER TABLE `permission`
  MODIFY `ID` int(11) NOT NULL AUTO_INCREMENT, AUTO_INCREMENT=6;

--
-- AUTO_INCREMENT for table `permissionrole`
--
ALTER TABLE `permissionrole`
  MODIFY `ID` int(11) NOT NULL AUTO_INCREMENT;

--
-- AUTO_INCREMENT for table `permissionrolecode`
--
ALTER TABLE `permissionrolecode`
  MODIFY `ID` int(11) NOT NULL AUTO_INCREMENT;

--
-- AUTO_INCREMENT for table `product`
--
ALTER TABLE `product`
  MODIFY `ID` int(11) NOT NULL AUTO_INCREMENT, AUTO_INCREMENT=3;

--
-- AUTO_INCREMENT for table `producttype`
--
ALTER TABLE `producttype`
  MODIFY `ID` int(11) NOT NULL AUTO_INCREMENT, AUTO_INCREMENT=6;

--
-- AUTO_INCREMENT for table `redirectorpage`
--
ALTER TABLE `redirectorpage`
  MODIFY `ID` int(11) NOT NULL AUTO_INCREMENT;

--
-- AUTO_INCREMENT for table `redirectorpage_live`
--
ALTER TABLE `redirectorpage_live`
  MODIFY `ID` int(11) NOT NULL AUTO_INCREMENT;

--
-- AUTO_INCREMENT for table `redirectorpage_versions`
--
ALTER TABLE `redirectorpage_versions`
  MODIFY `ID` int(11) NOT NULL AUTO_INCREMENT;

--
-- AUTO_INCREMENT for table `rememberloginhash`
--
ALTER TABLE `rememberloginhash`
  MODIFY `ID` int(11) NOT NULL AUTO_INCREMENT;

--
-- AUTO_INCREMENT for table `silverstripe_lechon_homepage`
--
ALTER TABLE `silverstripe_lechon_homepage`
  MODIFY `ID` int(11) NOT NULL AUTO_INCREMENT;

--
-- AUTO_INCREMENT for table `silverstripe_lechon_homepage_live`
--
ALTER TABLE `silverstripe_lechon_homepage_live`
  MODIFY `ID` int(11) NOT NULL AUTO_INCREMENT;

--
-- AUTO_INCREMENT for table `silverstripe_lechon_homepage_versions`
--
ALTER TABLE `silverstripe_lechon_homepage_versions`
  MODIFY `ID` int(11) NOT NULL AUTO_INCREMENT;

--
-- AUTO_INCREMENT for table `siteconfig`
--
ALTER TABLE `siteconfig`
  MODIFY `ID` int(11) NOT NULL AUTO_INCREMENT, AUTO_INCREMENT=2;

--
-- AUTO_INCREMENT for table `siteconfig_createtoplevelgroups`
--
ALTER TABLE `siteconfig_createtoplevelgroups`
  MODIFY `ID` int(11) NOT NULL AUTO_INCREMENT;

--
-- AUTO_INCREMENT for table `siteconfig_editorgroups`
--
ALTER TABLE `siteconfig_editorgroups`
  MODIFY `ID` int(11) NOT NULL AUTO_INCREMENT;

--
-- AUTO_INCREMENT for table `siteconfig_viewergroups`
--
ALTER TABLE `siteconfig_viewergroups`
  MODIFY `ID` int(11) NOT NULL AUTO_INCREMENT;

--
-- AUTO_INCREMENT for table `sitetree`
--
ALTER TABLE `sitetree`
  MODIFY `ID` int(11) NOT NULL AUTO_INCREMENT, AUTO_INCREMENT=12;

--
-- AUTO_INCREMENT for table `sitetreelink`
--
ALTER TABLE `sitetreelink`
  MODIFY `ID` int(11) NOT NULL AUTO_INCREMENT;

--
-- AUTO_INCREMENT for table `sitetree_editorgroups`
--
ALTER TABLE `sitetree_editorgroups`
  MODIFY `ID` int(11) NOT NULL AUTO_INCREMENT;

--
-- AUTO_INCREMENT for table `sitetree_live`
--
ALTER TABLE `sitetree_live`
  MODIFY `ID` int(11) NOT NULL AUTO_INCREMENT, AUTO_INCREMENT=12;

--
-- AUTO_INCREMENT for table `sitetree_versions`
--
ALTER TABLE `sitetree_versions`
  MODIFY `ID` int(11) NOT NULL AUTO_INCREMENT, AUTO_INCREMENT=68;

--
-- AUTO_INCREMENT for table `sitetree_viewergroups`
--
ALTER TABLE `sitetree_viewergroups`
  MODIFY `ID` int(11) NOT NULL AUTO_INCREMENT;

--
-- AUTO_INCREMENT for table `virtualpage`
--
ALTER TABLE `virtualpage`
  MODIFY `ID` int(11) NOT NULL AUTO_INCREMENT, AUTO_INCREMENT=2;

--
-- AUTO_INCREMENT for table `virtualpage_live`
--
ALTER TABLE `virtualpage_live`
  MODIFY `ID` int(11) NOT NULL AUTO_INCREMENT, AUTO_INCREMENT=2;

--
-- AUTO_INCREMENT for table `virtualpage_versions`
--
ALTER TABLE `virtualpage_versions`
  MODIFY `ID` int(11) NOT NULL AUTO_INCREMENT, AUTO_INCREMENT=3;
COMMIT;

/*!40101 SET CHARACTER_SET_CLIENT=@OLD_CHARACTER_SET_CLIENT */;
/*!40101 SET CHARACTER_SET_RESULTS=@OLD_CHARACTER_SET_RESULTS */;
/*!40101 SET COLLATION_CONNECTION=@OLD_COLLATION_CONNECTION */;
